S.No,Hospital Name,Address,District,State,Transplant/Retrieval Type,Organ/Tissue Type,Details Of Hospitals,Website
1,Indira Gandhi Institute of child health ,South hospital complex dharmaram college post Bangalore 560029,-,KARNATAKA,Transplant Centre,Kidney,,
2,DR B L KAPUR MEMORIAL HOSPITAL,Pusa Road,CENTRAL,DELHI (UT),Transplant Centre,"Heart, Liver, Kidney, Lung",,
3,Sooriya Hospital,Saligramam,-,TAMIL NADU,Transplant Centre,"Liver, Kidney",,
4,THE HANS FOUNDATION EYE CARE,Delhi-Haridwar Highway Bahadrabad,-,UTTARAKHAND,Transplant Centre,Cornea,,
5,CHARNOCK HOSPITAL,"RGM-2103,TEGHARIA,MAJOR ARTERIAL ROAD,NEW TOWN,KOLKATA-700157",North 24 Parganas,WEST BENGAL,Transplant Centre,Kidney,,
6,NIMS HOSPITAL,"Address: Dr. B.S. Tomar City, Jaipur-Delhi Highway, Kalwad Kalan and Khurd, Rajasthan 303121",JAIPUR,RAJASTHAN,Transplant Centre,"Liver, Kidney",,
7,United CIIGMA Institute of Medical Sciences private Limited (United CIIGMA Hospital),"Plot No.6-7, Shahnoorwadi,",AURANGABAD,MAHARASHTRA,Transplant Centre,"Heart, Liver, Kidney",,
8,NEW HOSPITAL MEDICAL COLLEGE KOTA,rangbadi road,KOTA,RAJASTHAN,Transplant Centre,Kidney,,
9,GOA MEDICAL COLLEGE,"Bambolim,",NORTH GOA,GOA,Transplant Centre,"Cornea, Kidney",,
10,ZYDUS MEDICAL COLLEGE AND HOSPITAL,B/h Bhagini Samaj,DOHAD,GUJARAT,Cornea Transplant Centre/Eye Bank,Cornea,,https://www.zmchdahod.org
11,HINDUSTHAN HOSPITAL,"522/3, 523/3, Avinashi road",COIMBATORE,TAMIL NADU,Transplant Centre,Liver,,
12,VADAMALAYAN HOSPITALS PVT LTD,"#649/A2, Angu Nagar",DINDIGUL,TAMIL NADU,Transplant Centre,"Liver, Kidney",,
13,SPT HOSPITALS PVT LTD,50 Vivekananda Road,COIMBATORE,TAMIL NADU,Transplant Centre,Kidney,,
14,ROTARY EYE INSTITUTE,dudhia Talao,-,GUJARAT,Cornea Transplant Centre/Eye Bank,Cornea,,
15,RAJINDRA HOSPITAL PATIALA,GMC and Rajindra hospital sangrur road patiala,PATIALA,PUNJAB,Transplant Centre,"Cornea, Kidney",,
16,KIMS HEALTH HOSPITAL NAGERCOIL,vetturnimadam,KANNIYAKUMARI,TAMIL NADU,Transplant Centre,"Liver, Kidney",,
17,MAHAVIR JAIPURIYA RAJASTHAN HOSPITAL,"HOSPITAL ROAD, MILAP NAGAR, OPP. GOVT. JAIPURIYA HOSPITAL",-,RAJASTHAN,Transplant Centre,Kidney,,
18,THE SIGNATURE HOSPITAL,"SECTOR-37-D,",GURGAON,HARYANA,Transplant Centre,"Liver, Kidney",,
19,SHIVNERI SUPERSPECIALITY AND SURYA ICU HOSPITAL,"Swastik Chambers,GAvhane Chowk,Parbhani",-,MAHARASHTRA,Transplant Centre,Kidney,,
20,CHANDRAPRABHA EYE HOSPITAL,K.K.HANDIQUE PATH,-,ASSAM,Cornea Transplant Centre/Eye Bank,Cornea,,
21,MANIPAL HOSPITAL MYSORE,"85-86, MYSORE-BANGLORE RING ROAD JUNCTION, BANNIMANTAP 'A' LAYOUT",MYSORE,KARNATAKA,Transplant Centre,"Heart, Liver, Kidney, Lung",,
22,DR RAJENDRA PRASAD GOVERNMENT MEDICAL COLLEGE,"Tanda Hospital Road,Pushp ViharColony,kangra H.P.176001",KANGRA,HIMACHAL PRADESH,Transplant Centre,"Pancreas, Cornea, Kidney",,
23,MANOHAR DAS EYE HOSPITAL PRAYAGRAJ,"14, Dr K N Katju Road, Miurabad",ALLAHABAD,UTTAR PRADESH,Cornea Transplant Centre/Eye Bank,Cornea,,
24,M AND J INSTITUTE OF OPHTHALMOLOGY,"Manjushree Mill Compound, Baliya Limdi Cross Road, Asarwa,Ahmedabad",AHMADABAD,GUJARAT,Cornea Transplant Centre/Eye Bank,Cornea,,
25,CORNEA CLINIC,207-209 Maple Trade Centre Near Surdhara Circle ,-,GUJARAT,Cornea Transplant Centre/Eye Bank,Cornea,,
26,RMLIMS GOMTI NAGAR LUCKNOW,Vibhuti Khand,LUCKNOW,UTTAR PRADESH,Transplant Centre,Kidney,,
27,"KIMS Kingsway Hospitals, Nagpur","44, Kingsway Road",NAGPUR,MAHARASHTRA,Transplant Centre,"Heart, Kidney, Lung",,
28,YASHODA HOSPITALS HITECH,JNTU TO HITECH CITY ROAD,HYDERABAD,TELANGANA,Transplant Centre,"Heart, Liver, Kidney, Lung",,
29,RUBY HALL CLINIC,40,PUNE,MAHARASHTRA,Transplant Centre,"Heart, Cornea, Liver, Kidney, Lung",,
30,SKIMS MEDICAL COLLEGE SRINAGAR,Bemina,SRINAGAR,JAMMU & KASHMIR,Cornea Transplant Centre/Eye Bank,Cornea,,
31,CHIRAYU MEDICAL COLLEGE AND HOSPITAL,Bhopal - Indore Highway,-,MADHYA PRADESH,Transplant Centre,Kidney,,
32,SIDDHANTA REDCROSS SUPERSPECIALITY HOSPITAL,"Red Cross Bhawan, Link Road No.1, Shivaji Nagar",-,MADHYA PRADESH,Transplant Centre,"Liver, Kidney",,
33,MALLIGE MEDICAL CENTRE PVT LTD,"31/32,",BANGALORE,KARNATAKA,Transplant Centre,"Liver, Kidney",,
34,DOWN TOWN HOSPITAL LTD,DISPUR,KAMRUP METROPOLITAN,ASSAM,Transplant Centre,Kidney,,
35,APOLLO REACH HOSPITAL,MADURAI MAIN ROAD,SIVAGANGA,TAMIL NADU,Transplant Centre,Kidney,,
36,JASLOK HOSPITAL AND RESEARCH CENTRE,15 Dr. G Deshmukh Marg,MUMBAI,MAHARASHTRA,Transplant Centre,"Heart, Cornea, Liver, Kidney, Lung",,
37,REVATHI MEDICAL CENTER,"No, 10, Valayangadu Main Road, Tiripur",TIRUPPUR,TAMIL NADU,Transplant Centre,Kidney,,
38,GLENEAGLES HOSPITAL SUPER SPECIALITY TRANSPLANT CE,"35, Dr. E. Borges Road, Hospital Avenue, Opp. Shirodkar High School, Parel",MUMBAI,MAHARASHTRA,Transplant Centre,"Heart, Intestine, Pancreas, Liver, Kidney, Hand, Lung",,
39,Government medical college and superspeciality hospital akola,Nimwadi near sarkari bagicha akola,-,MAHARASHTRA,Transplant Centre,Kidney,,
40,AKHAND JYOTI EYE HOSPITAL,"SHRIRAMESHPURAM, MASTICHAK",-,BIHAR,Cornea Transplant Centre/Eye Bank,Cornea,,https://www.akhandjyoti.com/
41,BANSAL HOSPITAL BHOPAL,C SECTOR SHAHPURA BHOPAL,-,MADHYA PRADESH,Transplant Centre,"Liver, Kidney",,
42,White Lotus International Hospital And Research Center (Nishkala Healthcare Pvt. Ltd.),"Plot no 1, Roadpali Rd, opposite Police Head Quarter",-,MAHARASHTRA,Transplant Centre,"Liver, Kidney",,
43,MAAX SUPER SPECIALTY HOSPITAL,"R.M.R Road, Park Extension",SHIMOGA,KARNATAKA,Transplant Centre,Kidney,,
44,INSTITUTE OF NEPHRO UROLOGY,VICTORIA HOSPITAL CAMPUS,BANGALORE,KARNATAKA,Transplant Centre,Kidney,,
45,FORTIS HOSPITAL SHALIMAR BAGH,"A - Block, Shalimar Bagh",EAST,DELHI (UT),Transplant Centre,"Heart, Liver, Kidney",,
46,GANGA MEDICAL CENTRE AND HOSPITALS PRIVATE LIMITED,"SWARNAMBIKA LAYOUT, RAMNAGAR",COIMBATORE,TAMIL NADU,Transplant Centre,Kidney,,
47,DM HOSPITALS PVT LTD,113 JAMES LONG SARANI,KOLKATA,WEST BENGAL,Transplant Centre,Kidney,,
48,KAUVERY HOSPITAL RADIAL ROAD,"2/473, Radial Road, Kovilambakkam",CHENNAI,TAMIL NADU,Transplant Centre,"Heart, Liver, Kidney, Lung",,
49,FRONTIER LIFELINE HOSPITAL,"R-30-C, Ambattur I.E Road",CHENNAI,TAMIL NADU,Transplant Centre,"Heart, Lung",,
50,SAHYADRI SUPER SPECIALITY HOSPITAL NAGAR ROAD,"S N 185/A, 199 HERMES HERITAGE PHASE II SHASTRI NAGAR YERWADA",PUNE,MAHARASHTRA,Transplant Centre,"Pancreas, Cornea, Liver, Kidney",,
51,ASG HOSPITAL PVT LTD SRINAGAR,Bagh i Nund Singh,SRINAGAR,JAMMU & KASHMIR,Cornea Transplant Centre/Eye Bank,Cornea,,
52,KAINOS SUPER SPECIALITY HOSPITAL,Kheri Sadh Bypass,ROHTAK,HARYANA,Transplant Centre,Liver,,
53,Aarvy Healthcare Super Speciality Hospital,Sector-90,-,HARYANA,Transplant Centre,Kidney,,https://aarvyhealthcare.com
54,ROYAL CARE SUPER SPECIALITY HOSPITAL,"1/520, Neelambur",COIMBATORE,TAMIL NADU,Transplant Centre,"Heart, Intestine, Pancreas, Liver, Kidney, Lung",,
55,MGM NEW BOMBAY HOSPITAL,"Plot 35,",THANE,MAHARASHTRA,Transplant Centre,"Liver, Kidney",,https://mgmhospitalvashi.net
56,FORTIS HOSPITAL NOIDA,"B-22, Sector-62",GAUTAM BUDDHA NAGAR,UTTAR PRADESH,Transplant Centre,"Heart, Liver, Kidney",,
57,APOLLO HOSPITALS NASHIK,"Swaminarayan Nagar,Off Mumbai- Agra highway,Panchavati,Nashik",NASHIK,MAHARASHTRA,Transplant Centre,"Liver, Kidney",,
58,JUSTICE K S HEGDE HOSPITAL,"UNIVERSITY ROAD, DERLAKATTE",DAKSHINA KANNADA,KARNATAKA,Transplant Centre,"Liver, Kidney",,
59,SIX SIGMA MEDICARE AND RESEARCH LTD NASHIK,"Satguru’s Building, Opposite Water Tank Mahatma Nagar, Near Idea Show, Nashik-422007",NASHIK,MAHARASHTRA,Transplant Centre,"Heart, Liver, Kidney",,
60,REGIONAL REFERRAL SERVICES HOSPITAL AMRAVATI,"Daffrin Hospital Premises,",AMRAVATI,MAHARASHTRA,Transplant Centre,Kidney,,
61,SHITLA SAHAI INSTITUTE OF MEDICAL SCIENCES,CANCER HILL,GWALIOR,MADHYA PRADESH,Transplant Centre,Kidney,,
62,APOLLO HOSPITAL INTERNATIONAL AHMEDABAD,"Plot No. 1-A, Bhat ,GIDC, Estate, Gandhinagar",GANDHINAGAR,GUJARAT,Transplant Centre,"Liver, Kidney",,
63,MEENAKSHI MISSION HOSPITAL AND RESEARCH CENTRE,"Lake Area, Melur Road",MADURAI,TAMIL NADU,Transplant Centre,Liver,,
64,KIMS HOSPITALS THANE,"Thane Hiranandani Estate, Opposite Brentford Bldg., Patlipada, Ghodbunder Road,",THANE,MAHARASHTRA,Transplant Centre,"Heart, Kidney, Lung",,https://www.kimshospitals.com/thane
65,SIMS HOSPITAL VADAPALANI,"No.1, Jawaharlal Nehru Salai,",CHENNAI,TAMIL NADU,Transplant Centre,"Heart, Liver, Kidney",,http://www.simshospitals.com
66,KR HOSPITAL,"Mettupalayam Road, Periyanaickenpalayam,Coimbatore- 641020",-,TAMIL NADU,Transplant Centre,Kidney,,
67,MEERUT KIDNEY HOSPITAL PVT LTD MEERUT,PRABHAT NAGAR L.I.C ROAD MEERUT UP,MEERUT,UTTAR PRADESH,Tissue Bank,Kidney,,
68,SAHYADRI SPECIALITY HOSPITAL,Plot No 30C Erandawane ,PUNE,MAHARASHTRA,Transplant Centre,"Heart, Liver, Kidney",,https://sahyadrihospital.com/deccan
69,YATHARTH SUPER SPECIALITY HOSPITALS,"HO-1,Secter-1",GAUTAM BUDDHA NAGAR,UTTAR PRADESH,Transplant Centre,"Liver, Kidney",,
70,SWAMI VIVEKANANDA MEDICAL MISSION CHARITABLE,Ambphalla Jammu,JAMMU,JAMMU & KASHMIR,Cornea Transplant Centre/Eye Bank,Cornea,,
71,PSG HOSPITALS,"Avinashi Road, Kalluri Nagar, Peelamedu, Coimbatore, Tamil Nadu 641004",COIMBATORE,TAMIL NADU,Transplant Centre,"Liver, Kidney",,
72,SRM GLOBAL HOSPITALS,"Mahatma Gandhi Road, SRM Nagar, Potheri, Kattankulathur, Chengalpattu, Tamil Nadu - 603203, India",KANCHEEPURAM,TAMIL NADU,Transplant Centre,"Heart, Intestine, Pancreas, Liver, Kidney, Lung",,
73,MAX SUPER SPECIALITY HOSPITAL MOHALI,"Civil hospital, Phase 6",SAHIBZADA AJIT SINGH NAGAR,PUNJAB,Transplant Centre,"Liver, Kidney",,
74,STAR KIDNEY CENTER SUPERSPECIALITY HOSPITAL ICU,star kidney center,NANDED,MAHARASHTRA,Transplant Centre,Kidney,,
75,FORTIS MALAR HOSPITALS LTD,"No.52, 1st Main Road,",CHENNAI,TAMIL NADU,Transplant Centre,"Heart, Kidney, Lung",,
76,METRO HOSPITALS AND HEART INSTITUTE,X-1 SEC 12 NOIDA,GAUTAM BUDDHA NAGAR,UTTAR PRADESH,Transplant Centre,Kidney,,
77,SRI SANKARADEVA NETHRALAYA,"96, Basistha Road",KAMRUP METROPOLITAN,ASSAM,Transplant Centre,Cornea,,
78,SUNDARAM HOSPITAL,No 17,TIRUCHIRAPPALLI,TAMIL NADU,Transplant Centre,"Heart, Liver, Kidney",,
79,YATHARTH SUPER SPECIALITY HOSPITAL FARIDABAD,"Plot No-9 and 9A, Sector-20 B",FARIDABAD,HARYANA,Transplant Centre,Kidney,,
80,Command Hospital Air Force Bangalore ,Cambridge lay out,-,KARNATAKA,Transplant Centre,Kidney,,
81,ALL INDIA INSTITUTE OF MEDICAL SCIENCES KALYANI,"NH-34 connector, Basantapur, Saguna",NADIA,WEST BENGAL,Cornea Transplant Centre/Eye Bank,Cornea,,
82,Veda Hospital (A unit Of Lalit Mohan Bansal Healthcare Pvt.Ltd),SITE NO 2 SECTOR 16-17 HISAR,-,HARYANA,Transplant Centre,Kidney,,
83,Karnataka Medical College & Research Institute Hubballi-580021,Vidyanagar Hubballi,DHARWAD,KARNATAKA,Transplant Centre,Kidney,,
84,GMERS GENERAL HOSPITAL HIMMATNAGAR,"GMERS General Hospital, Himmatnagar",SABAR KANTHA,GUJARAT,Retrieval Centre,"Heart, Bone, Heart Valve, Intestine, Pancreas, Skin, Cartilage, Cornea, Liver, Blood Vessels, Kidney, Lung",,
85,SANJEEVANI MULTISPECIALITY HOSPITAL JALNA,Plot No 17 Rishi Park Ambad Chowfully Jalna,JALNA,MAHARASHTRA,Retrieval Centre,"Heart, Bone, Heart Valve, Intestine, Pancreas, Skin, Cartilage, Cornea, Liver, Blood Vessels, Kidney, Lung",,
86,JNANAYOGI SHRI SIDDESHWAR SUPER SPECIALTY HOSPITAL,"NH-52, NEAR S-HYPER MART,",BIJAPUR,KARNATAKA,Transplant Centre,Kidney,,
87,ARALUGUPPE MALLEGOWDA DISTRICT HOSPITAL,"Near Azad Park, Belur Road, Vijaya Nagar",CHIKMAGALUR,KARNATAKA,Retrieval Centre,"Heart, Bone, Heart Valve, Intestine, Pancreas, Skin, Cartilage, Cornea, Liver, Blood Vessels, Kidney, Hand, Lung",,
88,SUCHIRAYU HEALTHCARE SOLUTIONS LTD,"Survey No 29/8,9,10,Javali garden,Opp Gokul Road,Hubli-580030",DHARWAD,KARNATAKA,Transplant Centre,"Heart, Liver, Kidney, Lung",,
89,MANIPAL HOSPITAL YELAHANKA BENGALURU,"Sy No.23/3, Venkatala Village, Yelahanka Hobli, Bengaluru North Taluk, Bengaluru",BANGALORE,KARNATAKA,Transplant Centre,Kidney,,
90,BHARAT VIKAS PARISHAD CHARITABLE MEDICAL CENTRE,Sector-24 B,CHANDIGARH,CHANDIGARH (UT),Tissue Bank,Cornea,,
91,BANSAL EYE HOSPITAL,"121, CIVIL LINES, MIXI CHOWK, NEAR KALKA CHOWK, AMBALA CITY",AMBALA,HARYANA,Tissue Bank,Cornea,,
92,LISIE HOSPITAL,ERNAKULAM,ERNAKULAM,KERALA,Transplant Centre,Kidney,,
93,WESTFORT HITECH HOSPITAL LTD,P.B. No.930,THRISSUR,KERALA,Transplant Centre,Kidney,,
94,MULJIBHAI PATEL UROLOGICAL HOSPITAL,DR.VIRENDRA DESAI ROAD,KHEDA,GUJARAT,Transplant Centre,Kidney,,
95,SAWAI MANSINGH HOSPITAL,Sawai Ramsingh Road,JAIPUR,RAJASTHAN,Transplant Centre,"Heart, Skin, Cornea, Liver, Kidney, Hand, Lung",,
96,Smt. R. B. Shah Super Speciality Mahavir Hospital,"Shree mahavir health campus,athwagate nanpura",SURAT,GUJARAT,Transplant Centre,"Liver, Kidney",,
97,K G,No:5,COIMBATORE,TAMIL NADU,Transplant Centre,"Heart, Heart Valve, Liver, Kidney, Lung",,
98,MAHAJAN EYE HOSPITAL AND MATERNITY HOME,111 Shaheed Udham Singh Nagar,JALANDHAR,PUNJAB,Transplant Centre,Cornea,,
99,GANDHI MEDICAL COLLEGE BHOPAL,ROYAL MARKET,-,MADHYA PRADESH,Tissue Bank,Cornea,,
100,KOKILABEN DHIRUBHAI AMBANI HOSPITAL,Achyutrao Patwardhan Marg,MUMBAI,MAHARASHTRA,Transplant Centre,"Heart, Intestine, Pancreas, Liver, Kidney, Lung",,
101,Medicover Hospitals Kurnool,"D.NO:51/1E2,51/1E3,51/1E4,NEAR RTC BUS STAND,KURNOOL-518003,ANDHRA PRADESH",-,ANDHRA PRADESH,Transplant Centre,Kidney,,
102,EAST COAST HOSPITALS PVT LTD,No 1 Paris Nagar,PUDUCHERRY,PUDUCHERRY (UT),Transplant Centre,"Liver, Kidney",,
103,SMT SMS MULTISPECIALTY HOSPITAL,"Visat Gandhinagar Highway, Near Tapovan Circle, Chandkheda.",AHMADABAD,GUJARAT,Transplant Centre,"Cornea, Kidney",,
104,"NANDADEEP EYE HOSPITAL, SANGLI",NEAR PATIDAR BHAVAN,-,MAHARASHTRA,Cornea Transplant Centre/Eye Bank,Cornea,,
105,CENTRE FOR SIGHT PREET VIHAR,"F-19,1st &amp; 2nd FLOOR,",EAST,DELHI (UT),Tissue Bank,Cornea,,
106,MOHAN EYE INSTITUTE,11-B,CENTRAL,DELHI (UT),Transplant Centre,Cornea,,
107,VELAMMAL MEDICAL COLLEGE HOSPITAL,Madurai,MADURAI,TAMIL NADU,Transplant Centre,"Heart, Pancreas, Liver, Liver, Kidney, Lung",,
108,ZYDUS HOSPITALS AND HEALTHCARE RESEARCH PVT LTD,ZYDUS HOSPITALS ROAD NEAR SOLA BRIDGE S G HIGHWAY,AHMADABAD,GUJARAT,Transplant Centre,"Heart, Liver, Kidney, Hand, Lung",,
109,HUMAN CARE MEDICAL CHARITABLE TRUST,"Adjoining MTNL Building, Main Road, Sector6, Dwarka, New Delhi - 110075",SOUTH WEST,DELHI (UT),Transplant Centre,"Heart, Liver, Kidney",,
110,AHOOJA EYE AND DENTAL INSTITUTE,560/1 Dayanand Colony,GURGAON,HARYANA,Tissue Bank,Cornea,,
111,HITECH MEDICAL COLLEGE AND HOSPITAL BHUBANESWAR,"HEALTH PARK, PANDARA",KHORDHA,ORISSA,Transplant Centre,Kidney,,
112,STAR HOSPITALS,"8-2-596/5, Road No 10",HYDERABAD,TELANGANA,Transplant Centre,"Heart, Kidney",,
113,"AMUDHAM HOSPITAL, TIRUVANNAMALAI","NO 1/1A, THANDARAMPET MAIN ROAD, TIRUVANNAMALAI",-,TAMIL NADU,Transplant Centre,Kidney,,
114,HIMALAYAN HOSPITAL,Swami Rama Nagar,DEHRADUN,UTTARAKHAND,Cornea Transplant Centre/Eye Bank,"Cornea, Kidney",,
115,ALCHEMIST HOSPITAL,Alchemist Hopital,PANCHKULA,HARYANA,Transplant Centre,Kidney,,
116,YASHODHARA SUPERSPECIALITY HOSPITAL P LTD,6158 Siddheshwar Peth,SOLAPUR,MAHARASHTRA,Transplant Centre,Kidney,,
117,ABIRAMIKIDNEYCARE,"581,582 BROUGH ROAD",ERODE,TAMIL NADU,Transplant Centre,Kidney,,
118,RG Stone Urology & Laparoscopy Hospital,"PLOT NO - 4, B-35 -959/1, Adarsh Colony, FEROZEPUR ROAD, Ludhiana",LUDHIANA,PUNJAB,Transplant Centre,Kidney,,
119,VADAMALAYAN HOSPITAL PVT LTD,15 JAWAHAR ROAD,MADURAI,TAMIL NADU,Transplant Centre,"Liver, Kidney",,
120,PUNARJOT EYE BANK SOCIETY REGD,"65-A,",LUDHIANA,PUNJAB,Tissue Bank,Cornea,,
121,STARKIMS HOSPITAL,"D6, 6th cross, Thillai nagar",TIRUCHIRAPPALLI,TAMIL NADU,Transplant Centre,"Heart, Liver, Lung",,
122,FRONTLINE HOSPITAL AND RESEARCH INSTITUTE,"No: 37 &amp; 39, Chinthamani Bazaar",TIRUCHIRAPPALLI,TAMIL NADU,Transplant Centre,Kidney,,
123,ABC,"45,VALLIAM",CHENNAI,TAMIL NADU,Transplant Centre,"Heart, Kidney",,
124,ACHARYA VINOBA BHAVE RURAL HOSPITAL,"Sawangi (Meghe), Wardha",WARDHA,MAHARASHTRA,Transplant Centre,"Cornea, Kidney",,
125,JUPITER LIFELINE HOSPITALS LTD,Near Prathamesh Park,PUNE,MAHARASHTRA,Transplant Centre,"Liver, Kidney",,
126,RETINA FOUNDATION HOSPITALS PVT LTD,NEAR SHAHIBAUG UNDERBRIDGE,-,GUJARAT,Cornea Transplant Centre/Eye Bank,Cornea,,
127,SANTOKBA DURLABHJI MEMORIAL HOSPITAL JAIPUR,Bhawani Singh Marg,JAIPUR,RAJASTHAN,Transplant Centre,Kidney,,
128,TRAVANCORE MEDICAL COLLEGE HOSPITAL,"NH Bypass,Thattamala,P O,Kollam.",KOLLAM,KERALA,Transplant Centre,Kidney,,
129,POONA HOSPITAL AND RESEARCH CENTRE,"27, Sadashiv Peth,",PUNE,MAHARASHTRA,Transplant Centre,Kidney,,
130,MAHATMA GANDHI MEMORIAL GOVT HOSPITAL TRICHYTAMILN,Puthur,TIRUCHIRAPPALLI,TAMIL NADU,Transplant Centre,"Cornea, Kidney",,
131,GANDHI MEDICAL COLLEGE AND HAMIDIA HOSPITAL,SULTANIA ROAD,-,MADHYA PRADESH,Transplant Centre,Kidney,,
132,AMBER EYE CARE,ICE FACTORY,THANE,MAHARASHTRA,Tissue Bank,Cornea,,
133,COLUMBIA ASIA HOSPITAL PATIALA,Bhupindra Road,PATIALA,PUNJAB,Transplant Centre,Kidney,,
134,YASHODA SUPER SPECIALITY HOSPITAL KAUSHAMBI,H-1,GHAZIABAD,UTTAR PRADESH,Transplant Centre,Kidney,,
135,DEENANATH MANGESHKAR HOSPITAL,"Near Mhatre Bridge,Erandwane",PUNE,MAHARASHTRA,Transplant Centre,"Pancreas, Liver, Kidney",,
136,INDUS INTERNATIONAL HOSPITAL,"Near Jawaharpur, Chandigarh - Ambala Road, National Highway No.22, Derabassi, MOHALI, Punjab 140507",SAHIBZADA AJIT SINGH NAGAR,PUNJAB,Transplant Centre,Kidney,,
137,Marengo Asia Hospital Gurugram,"MARENGO ASIA HOSPITAL, GOLF COURSE EXTN. ROAD, SEC-56, SUSHANT LOK-II",GURGAON,HARYANA,Transplant Centre,"Liver, Kidney",,
138,INSTITUTE OF KIDNEY DISEASES AND RESEARCH CENTRE,CIVIL HOSPITAL CAMPUS,AHMADABAD,GUJARAT,Transplant Centre,"Pancreas, Liver, Kidney",,
139,KIDNEY CARE CENTRE SUBRAMANIAM NURSING HOME,9 D,TIRUNELVELI,TAMIL NADU,Transplant Centre,Kidney,,
140,GOVT STANLEY MEDICAL COLLEGE AND HOSPITAL,Rayapuram,CHENNAI,TAMIL NADU,Transplant Centre,"Heart, Skin, Liver, Kidney, Lung",,
141,SREE BALAJI MEDICAL COLLEGE HOSPITAL,NO.7 CLC WORKS ROAD,KANCHEEPURAM,TAMIL NADU,Transplant Centre,"Liver, Kidney",,
142,MAHATMA GANDHI MEDICAL COLLEGE AND RESEARCH INST,Pondy-Cuddalore Main Road,PUDUCHERRY,PUDUCHERRY (UT),Transplant Centre,"Cornea, Liver, Kidney",,
143,VASANTHA SUBRAMANIAN HOSPITALS,NO.815/306.,CHENNAI,TAMIL NADU,Transplant Centre,Kidney,,
144,INSIGHT INSTITUTE OF OPHTHALMOLOGY AND LASER CENTR,"Jay Ganesh Samrajya, 'H' wing",PUNE,MAHARASHTRA,Cornea Transplant Centre/Eye Bank,Cornea,,
145,SHASTHA KIDNEY AND MULTI SPECIALITY HOSPITAL,MADURAI,MADURAI,TAMIL NADU,Transplant Centre,Kidney,,
146,RAJIV GANDHI GOVERNMENT GENERAL HOSPITAL,Poonamallee High Road,CHENNAI,TAMIL NADU,Transplant Centre,"Heart, Liver, Kidney, Lung",,
147,MANIPAL HOSPITALS,Dalmia Board,SALEM,TAMIL NADU,Transplant Centre,"Liver, Liver, Kidney",,
148,TIRUNELVELI GOVERNMENT MEDICAL COLLEGE HOSPITAL,HIGH GROUND ROAD,TIRUNELVELI,TAMIL NADU,Transplant Centre,"Cornea, Kidney",,
149,KALYANI KIDNEY CARE CENTRE,"104, Sampath Nagar Main Road",ERODE,TAMIL NADU,Transplant Centre,Kidney,,
150,Gleneagles Health City,"#439,Cheran nagar, perumbakkam",CHENNAI,TAMIL NADU,Transplant Centre,"Heart, Pancreas, Liver, Kidney, Hand, Lung",,
151,SHALBY HOSPITAL,OPP. KARNAVATI CLUB,AHMADABAD,GUJARAT,Transplant Centre,"Liver, Kidney, Hand",,
152,SALEM GMKMC HOSPITAL,"8, Ford Main Road",SALEM,TAMIL NADU,Transplant Centre,Kidney,,
153,GOVERMENT RAJAJI HOSPITAL,GORIPALAYAM,MADURAI,TAMIL NADU,Transplant Centre,"Heart, Pancreas, Skin, Cornea, Liver, Kidney, Lung",,
154,YASHODA HOSPITALS,"16-10-29,Nalgonda X Roads,",HYDERABAD,TELANGANA,Transplant Centre,Kidney,,
155,SATHYAM KIDNEY CARE CENTRE,5/621 A Thadagam road,COIMBATORE,TAMIL NADU,Transplant Centre,Kidney,,
156,LADY HARDINGE MEDICAL COLLEGE,Shahid Bhagat Singh Marg,NEW DELHI,DELHI (UT),Retrieval Centre,"Heart, Bone, Heart Valve, Intestine, Pancreas, Skin, Cartilage, Cornea, Liver, Blood Vessels, Kidney, Lung",,
157,TX HOSPITALS,"Door No: 8-2-679 &amp; 8-2-680/A, Road No: 12 Banjarahills Hyderabad, Telangana, 500034",HYDERABAD,TELANGANA,Transplant Centre,Kidney,,
158,SHRI MOOLCHAND KHARAITI RAM HOPSITAL,lajpat nagar 3 moolchand hospital,SOUTH,DELHI (UT),Transplant Centre,Kidney,,
159,MALLA REDDY NARAYANA HOSPITAL,Suraram X Roads,HYDERABAD,TELANGANA,Transplant Centre,Kidney,,
160,NEERA EYE CENTRE AND LASER VISION,B-99 bharat ram road darya ganj new delhi,NEW DELHI,DELHI (UT),Tissue Bank,Cornea,,
161,BHAGAT CHANDRA HOSPITAL,RZ F1/1,SOUTH WEST,DELHI (UT),Tissue Bank,Cornea,,
162,DELHI EYE CENTRE,C-120 NEW RAJINDER NAGAR,CENTRAL,DELHI (UT),Transplant Centre,Cornea,,
163,AK INSTITUTE OF OPHTHALMOLOGY,"B-7/123A, Safdarjung Enclave",NEW DELHI,DELHI (UT),Tissue Bank,Cornea,,
164,GURU NANAK EYE CENTRE,"MAHARAJA RANJEET SINGH MARG,NEW DELHI",CENTRAL,DELHI (UT),Tissue Bank,Cornea,,
165,SUNSHINE HOSPITALS,"SY. No 40, 45 &amp;46, Raidurga",HYDERABAD,TELANGANA,Transplant Centre,"Liver, Kidney",,
166,NRI GENERAL AND SUPERSPECIALITY HOSPITAL,CHINAKAKANI MANGALAGIRI MANDAL,GUNTUR,ANDHRA PRADESH,Transplant Centre,"Heart, Liver, Kidney",,
167,CARE HOSPITALS NAMPALLY,5-4-199,HYDERABAD,TELANGANA,Transplant Centre,Kidney,,
168,PACE HOSPITALS,"Beside Hotel Avasa, Metro Pillar No. 18, Near Ratnadeep, Hitech City, Hyderabad, Telangana 500081",HYDERABAD,TELANGANA,Transplant Centre,"Intestine, Pancreas, Liver, Kidney",,
169,RENOVA NIGL HOSPITALS,"344 A , MLA COLONY ROAD NO 12 BANJARA HILLS",HYDERABAD,TELANGANA,Transplant Centre,"Liver, Kidney",,
170,SRI NARAYANI HOSPITAL AND RESEARCH CENTRE,"Sripuram, Thirumalaikodi, Vellore,",VELLORE,TAMIL NADU,Transplant Centre,Kidney,,
171,APOLLO SPECIALTY HOSPITALS VANAGARAM,"64,Vanagaram to Ambattur Main Road,",CHENNAI,TAMIL NADU,Transplant Centre,"Liver, Kidney",,
172,RADIANT SUPERSPECIALITY HOSPITAL,SABNIS PLOT,AMRAVATI,MAHARASHTRA,Retrieval Centre,-,,
173,BILLROTH HOSPITALS,43 Lakshmi talkies road,CHENNAI,TAMIL NADU,Transplant Centre,Kidney,,
174,TNGMSSH,OMANDURAR ESTATE,CHENNAI,TAMIL NADU,Transplant Centre,"Heart, Lung",,
175,KMCH SPECIALITY HOSPITAL,"16, Palaniappa street",ERODE,TAMIL NADU,Transplant Centre,Kidney,,
176,JEYAM MULTI SPECIALITY HOSPITAL,"No 7, Taj Mahal Salai, Karur Bye Pass Road,",TIRUCHIRAPPALLI,TAMIL NADU,Transplant Centre,Kidney,,
177,Focus Netralaya Eye Bank,"116 D GULMOHAR PARK , NEAR DELAPEER TALAB, RAJENDRA NAGAR",-,UTTAR PRADESH,Cornea Transplant Centre/Eye Bank,Cornea,,
178,SHIFAHOSPITALS,"82,Kailasapuram",TIRUNELVELI,TAMIL NADU,Transplant Centre,Kidney,,
179,KONGUNAD KIDNEY CENTRE,"206,207,",COIMBATORE,TAMIL NADU,Transplant Centre,Kidney,,
180,ASTER AADHAR HOSPITAL,RS NO. 628 B WARD SHASHTRI NAGAR,KOLHAPUR,MAHARASHTRA,Transplant Centre,Kidney,,
181,DIAMOND SUPERSPECIALITY HOSPITAL,"184,Part 1/A,E ward ,",KOLHAPUR,MAHARASHTRA,Transplant Centre,"Liver, Kidney",,
182,GOVT MEDICAL COLLEGE JAMMU,Maheshpura Chowk Bakshi Nagar Jammu,JAMMU,JAMMU & KASHMIR,Transplant Centre,"Cornea, Kidney",,
183,AIIMS JODHPUR,"Basni second phase,jodhpur",JODHPUR,RAJASTHAN,Transplant Centre,"Heart, Pancreas, Cornea, Liver, Kidney",,
184,DR D Y PATIL HOSPITAL AND RESEARCH CENTRE,"Sant Tukaram Nagar,Pimpri, Pune.",PUNE,MAHARASHTRA,Transplant Centre,"Heart, Liver, Kidney, Lung",,
185,AIIMS Vijaypur Jammu,ALL INDIA INSTITUTE OF MEDICAL SCIENCES Vijaypur Jammu,-,JAMMU & KASHMIR,Cornea Transplant Centre/Eye Bank,Cornea,,
186,MUTHUMEENAKSHI HOSPITALS,T.S.No 5542,PUDUKKOTTAI,TAMIL NADU,Transplant Centre,"Heart, Kidney, Lung",,
187,SAHYADRI SUPER SPECIALITY HOSPITAL NASHIK,"Survey No. 499/1/1/11 to 24, Near Dwarka Circle,",NASHIK,MAHARASHTRA,Transplant Centre,"Pancreas, Liver, Kidney",,
188,EYE Q VISION PVT LTD,c/o SHEETLA HOSPITAL,GURGAON,HARYANA,Transplant Centre,Cornea,,
189,DR SHROFF'S CHARITY EYE HOSPITAL,5027,CENTRAL,DELHI (UT),Transplant Centre,Cornea,,
190,J R SUPER SPECIALITY HOSPITAL,"No:7, CMC Works Road, Chrompet,",CHENNAI,TAMIL NADU,Transplant Centre,Liver,,
191,MEDITRINA INSTITUTE OF MEDICAL SCIENCES,"278, Lendra Park, Central Bazar Road, Ramdaspeth, Nagpur",NAGPUR,MAHARASHTRA,Transplant Centre,"Heart, Liver, Kidney",,
192,NEWERA HOSPITAL AND RESEARCH INSTITUTE,"Near Telephone Exchange Chowk, Queta Colony, Near Jalaram Mandir, Nagpur-08",NAGPUR,MAHARASHTRA,Transplant Centre,"Heart, Pancreas, Liver, Kidney",,
193,SAVEETHA MEDICAL COLLEGE AND HOSPITAL,"Saveetha Nagar, Thandalam",KANCHEEPURAM,TAMIL NADU,Transplant Centre,Kidney,,
194,EYE Q VISION PVT LTD,Opp. Grover Nursing Home,SIRSA,HARYANA,Transplant Centre,Cornea,,
195,NEWERA MOTHER AND CHILD HOSPITAL,"Plot No.35, Wardha Rd, near Chhatrapati square",NAGPUR,MAHARASHTRA,Transplant Centre,"Liver, Kidney",,
196,JUPITER LIFELINE HOSPITALS LIMITED,Western Express Highway,THANE,MAHARASHTRA,Transplant Centre,"Liver, Kidney",,
197,BILLROTH HOSPITAL R A PURAM,"NO.52, 2ND MAIN ROAD",CHENNAI,TAMIL NADU,Transplant Centre,Kidney,,
198,SEVENHILLS HOSPITAL,"SevenHills Health Care Pvt. Ltd, Marol Maroshi Road, Andheri (East)",MUMBAI,MAHARASHTRA,Transplant Centre,"Liver, Kidney",,
199,Sagar Multispeciality Hospital,"Khasra No. 328, Near Shriram Colony Hoshangabad Road",-,MADHYA PRADESH,Transplant Centre,Kidney,,
200,BABINA HOSPITAL,Khabeisoi,IMPHAL EAST,MANIPUR,Transplant Centre,Kidney,,
201,FORTIS HOSPITALS LTD MULUND MUMBAI,Mulund Goregaon Link Road,MUMBAI SUBURBAN,MAHARASHTRA,Transplant Centre,"Heart, Pancreas, Cornea, Liver, Kidney, Lung",,
202,NARAYANA SUPERSPECIALITY HOSPITAL,"Plot 3201, Block - V, DLF Phase - 3, Sector 24.",GURGAON,HARYANA,Transplant Centre,"Liver, Kidney",,
203,SARVODAYA HOSPITAL AND RESEARCH CENTRE,YMCA ROAD SECTOR-08,FARIDABAD,HARYANA,Transplant Centre,"Bone, Kidney",,
204,"Yashoda Medicity,Indirapuram,Ghaziabad","Shakti Khand-2,Indirapuram,Ghaziabad,Uttar Pradesh-201014",-,UTTAR PRADESH,Transplant Centre,"Liver, Kidney",,
205,MES MEDICAL COLLEGE HOSPITAL,"MES MEDICAL COLLEGE HOSPITAL,PERINTHALMANNA,MALAPARAMBU,PALACHODE P.O,KOLATHUR VIA",MALAPPURAM,KERALA,Transplant Centre,Kidney,,
206,NUTEMA HOSPITAL MEERUT,OPP LLRM MEDICAL COLLEGE MEEURT,MEERUT,UTTAR PRADESH,Transplant Centre,Kidney,,
207,BGS GLOBAL HOSPITAL,"A Unit of Ravindranath GE Medical Associates pvt ltd, # 67, Uttarahalli Road, Kengeri Bangalore 5600",BANGALORE,KARNATAKA,Transplant Centre,"Heart, Pancreas, Liver, Liver, Kidney, Lung",,
208,NAYATI MULTI SUPER SPECIALTY HOSPITAL,NH-2,MATHURA,UTTAR PRADESH,Transplant Centre,Kidney,,
209,PRASHANTH HOSPITAL,36 & 36A velachery main road velachery,CHENNAI,TAMIL NADU,Transplant Centre,"Liver, Kidney",,
210,PARAS HOSPITAL,"Paras Hospitals, near Nada Sahib Gurudwara, Sector 22, Panchkula, Nada Sahib, Haryana 134109",PANCHKULA,HARYANA,Transplant Centre,"Liver, Kidney",,
211,A J HOSPITAL AND RESEARCH CENTRE,KUNTIKANA,DAKSHINA KANNADA,KARNATAKA,Transplant Centre,"Heart, Heart Valve, Liver, Kidney, Lung",,
212,"NOBLE HOSPITALS AND RESEARCH CENTRE, PUNE","153, Magarpattacity Road, Hadapsar, pune 411013",PUNE,MAHARASHTRA,Transplant Centre,"Liver, Kidney",,
213,NEELAM HOSPITAL,"NH - 7 , Opp. Chitkara University, Rajpura - Chandigarh Highway , Rajpura",PATIALA,PUNJAB,Transplant Centre,Kidney,,
214,SHREE VIGHNAHARTA SUPERSPECIALITY HOSPITAL,"21 Abhushan, Ranapratap Colony",DHULE,MAHARASHTRA,Transplant Centre,Kidney,,
215,SUNRISE GLOBAL SUPER SPECIALITY HOSPITAL NANDED,VIP ROAD NANDED,NANDED,MAHARASHTRA,Transplant Centre,Kidney,,
216,DY PATIL HOSPITAL NAVI MUMBAI,SECTOR-5,THANE,MAHARASHTRA,Transplant Centre,Kidney,,
217,COIMBATORE KIDNEY CENTRE,No.738B Pulliyakulam Road,COIMBATORE,TAMIL NADU,Transplant Centre,Kidney,,
218,BHAKTIVEDANTA HOSPITAL AND RESEARCH INSTITUTE,Shrishti,THANE,MAHARASHTRA,Transplant Centre,"Cornea, Kidney",,
219,CRITICARE MULTISPECIALITY HOSPITAL AND RESEARCH CE,"Criticare Multispeciality Hospital &amp; Research Center,",MUMBAI,MAHARASHTRA,Transplant Centre,Kidney,,
220,SADHU VASWANI MISSIONS MEDICAL COMPLEX,7-9 Koregaon Park,PUNE,MAHARASHTRA,Transplant Centre,Kidney,,
221,K J SOMAIYA HOSPITAL AND RESEARCH CENTER,Somaiya Ayurvihar Complex,MUMBAI,MAHARASHTRA,Transplant Centre,Kidney,,
222,RISHIKESH HOSPITAL,"9, Murkute Colony",NASHIK,MAHARASHTRA,Transplant Centre,Kidney,,
223,SHRI MARKANDEY SOLAPUR SAHAKARI RUGNALAYA AND RESE,"FINAL PLOT 19, PACCHA PETH",SOLAPUR,MAHARASHTRA,Transplant Centre,"Cornea, Kidney",,
224,ORANGE CITY HOSPITAL AND RESEARCH INSTITUTE,19 Pande Lay Out,NAGPUR,MAHARASHTRA,Transplant Centre,Kidney,,
225,MIZORAM EYE BANK,Civil Hospital,AIZAWL,MIZORAM,Transplant Centre,Cornea,,
226,APOLLO HOSPITAL,"154/11, OPP I.I.M.,",BANGALORE,KARNATAKA,Transplant Centre,"Heart, Intestine, Pancreas, Liver, Kidney",,
227,COLUMBIA ASIA HOSPITAL,"22/2A,Near Nyati Empire, Kharadi, Pune",PUNE,MAHARASHTRA,Transplant Centre,Kidney,,
228,DEOYANI MULTISPECIALITY HOSPITAL,LANE NO 4 DAHANUKAR COLONY,PUNE,MAHARASHTRA,Transplant Centre,Kidney,,
229,SHREE PRAGATI FOUNDATION'S HIRA MONGI NAVNEET HOSP,Hira Mongi Navneet,THANE,MAHARASHTRA,Transplant Centre,Kidney,,
230,IGGMCH NAGPUR,Central Avenue Road,NAGPUR,MAHARASHTRA,Retrieval Centre,"Heart, Intestine, Pancreas, Skin, Cornea, Liver, Liver, Blood Vessels, Kidney, Lung",,
231,MH CTC,Golibar Maidan,PUNE,MAHARASHTRA,Transplant Centre,"Heart, Lung",,
232,NATIONAL BURNS CENTRE,"Indian Burns Research Society, Airoli, Sec-13, Plot-1",THANE,MAHARASHTRA,Transplant Centre,Skin,,
233,LALL EYE CARE CENTRE,365/4,GURGAON,HARYANA,Transplant Centre,Cornea,,
234,MGM Healthcare Chennai,"No 54, Old, 72, Nelson Manickam Rd, ",-,TAMIL NADU,Transplant Centre,"Heart, Intestine, Pancreas, Liver, Kidney, Lung",,
235,STERLING HOSPITAL VADODARA,"Opp. Inox, Race Course Circle (West),",VADODARA,GUJARAT,Transplant Centre,Kidney,,
236,MASINA HOSPITAL,Byculla East,MUMBAI,MAHARASHTRA,Transplant Centre,"Heart, Skin",,
237,DEEP NURSING HOME AND CHILDREN HOSPITAL,"481, Model Town, Ludhiana",LUDHIANA,PUNJAB,Transplant Centre,Kidney,,
238,TEERTHANKER MAHAVEER MEDICAL COLLEGE EYE BANK,"Bagarpur, Pakbara",MORADABAD,UTTAR PRADESH,Transplant Centre,Cornea,,
239,B T SAVANI KIDNEY HOSPITAL,"University Road,",RAJKOT,GUJARAT,Transplant Centre,Kidney,,
240,VYDEHI INSTITUTE OF MEDICAL SCIENCES RESEARCH,82 EPIP AREA,BANGALORE,KARNATAKA,Transplant Centre,Heart,,
241,METAS OF SEVENTH DAY ADVENTIST HOSPITAL,"P.O.BOX NO 24,ATHWALINES,SURAT",SURAT,GUJARAT,Transplant Centre,Kidney,,
242,KIRAN HOSPITAL,Near Sumul Dairy,SURAT,GUJARAT,Transplant Centre,"Heart, Cornea, Liver, Kidney, Hand, Lung",,
243,RESHMA DEVI GOYAL EYE HOSPITAL,SECTOR 16/17,HISAR,HARYANA,Tissue Bank,Cornea,,
244,OJAS SUPER SPECIALITY HOSPITAL PANCHKULA,H-1 Sector 26 Panchkula,PANCHKULA,HARYANA,Transplant Centre,Kidney,,
245,P D HINDUJA HOSPITAL AND MEDICAL RESEARCH CENTRE,"89 F,VEER SAVARKAR MARG, MAHIM, MUMBAI 400016",MUMBAI,MAHARASHTRA,Transplant Centre,"Heart, Cornea, Kidney",,
246,MANIPALHOSPITALS,98 HAL AIRPORT ROAD,BANGALORE,KARNATAKA,Transplant Centre,"Heart, Heart Valve, Pancreas, Liver, Kidney, Lung",,
247,SYNOD HOSPITAL,Durtlang,AIZAWL,MIZORAM,Retrieval Centre,Cornea,,
248,APOLLO BGS HOSPITALS MYSURU,Kuvempunagar,MYSORE,KARNATAKA,Transplant Centre,"Liver, Liver, Kidney",,
249,BHGAWAN MAHAVEER JAIN HOSPITAL,Millers Road,BANGALORE,KARNATAKA,Transplant Centre,Kidney,,
250,GAUHATI MEDICAL COLLEGE HOSPITAL,Bhangagarh,KAMRUP METROPOLITAN,ASSAM,Transplant Centre,"Cornea, Liver, Kidney",,
251,ASTER CMI HOSPITAL BANGALORE,43/2 SAHAKAR NAGAR,BANGALORE,KARNATAKA,Transplant Centre,"Heart, Intestine, Pancreas, Liver, Kidney, Lung",,
252,MAHATMA GANDHI HOSPITAL,RIICO Institutional Area,JAIPUR,RAJASTHAN,Transplant Centre,"Liver, Kidney",,
253,KOVAI MEDICAL CENTER AND HOSPITAL,"99,Avaashi Road , Coimbatore",COIMBATORE,TAMIL NADU,Transplant Centre,"Liver, Kidney",,
254,TRICOLOUR HOSPITALS,"Dr. Vikram Sarabhai Road,near genda circle",VADODARA,GUJARAT,Transplant Centre,Kidney,,
255,AYUSH ICU AND MULTISPECIALITY HOSPITAL,5TH AYUSH DOCTOR HOUSE,SURAT,GUJARAT,Retrieval Centre,"Heart, Bone, Intestine, Pancreas, Liver, Kidney",,
256,MIOT HOSPITALS,MOUNT POONAMALLEE ROAD,KANCHEEPURAM,TAMIL NADU,Transplant Centre,"Liver, Kidney",,
257,APPLE HOSPITAL,udhana darwaja,SURAT,GUJARAT,Retrieval Centre,"Heart, Bone, Heart Valve, Intestine, Pancreas, Skin, Cartilage, Cornea, Liver, Liver, Blood Vessels, Kidney, Lung",,
258,PRANAYAM LUNG AND HEART INSTITUTE,LAKULESH PARK SOCIETY,VADODARA,GUJARAT,Retrieval Centre,Kidney,,
259,UNIQUE HOSPITAL MULTISPECIALITY AND RESEARCH INSTI,"NEAR KIRAN MOTORS, OPP UNIQUE BRTS JUNCTION",SURAT,GUJARAT,Retrieval Centre,"Heart, Bone, Heart Valve, Intestine, Pancreas, Skin, Cartilage, Cornea, Liver, Liver, Blood Vessels, Kidney, Lung",,
260,DOON NURSING HOME AND DOON EYE CARE CENTRE,61/1 Haridwar Road,DEHRADUN,UTTARAKHAND,Transplant Centre,Cornea,,
261,ST JOHNS MEDICAL COLLEGE HOSPITAL,Sarjapur Road,BANGALORE,KARNATAKA,Transplant Centre,Kidney,,
262,SALEMGOPIHOSPITALSPIRVATELIMITED,"23,B,Ramakrishnan road",SALEM,TAMIL NADU,Transplant Centre,Kidney,,
263,SEVENSTAR HOSPITAL,"324/1. JAGNADE SQUARE, KDK COLLEGE ROAD",NAGPUR,MAHARASHTRA,Transplant Centre,"Liver, Kidney",,
264,RPS HOSPITALS,"65/2, Water Canal Road",CHENNAI,TAMIL NADU,Transplant Centre,"Pancreas, Liver, Liver, Kidney",,
265,KAUVERY SPECIALITY HOSPITAL CANTONMENT TRICHY,"6, Royal road, Cantonment",TIRUCHIRAPPALLI,TAMIL NADU,Transplant Centre,"Liver, Liver, Kidney",,
266,RAHAVENDAR HOSPITAL,"36-E, KURUVIKARAN SALAI,",MADURAI,TAMIL NADU,Transplant Centre,Kidney,,
267,CHENNAI MEENAKSHI MULTISPECIALITY HOSPITAL LTD,"NO 148, NEW NO 72,",CHENNAI,TAMIL NADU,Transplant Centre,Kidney,,
268,SKS HOSPITAL AND POSTGRADUATE MEDICAL INSTITUTE,"23,SKS Hospital India Private LimitedRoad",SALEM,TAMIL NADU,Transplant Centre,Kidney,,
269,DR RELA INSTITUTE AND MS HOSPITAL,No:-4/283,CHENNAI,TAMIL NADU,Transplant Centre,"Liver, Liver",,
270,NG HOSPITAL P LTD AND RESEARCH CENTRE,"577, TRICHY ROAD, SINGANALLUR",COIMBATORE,TAMIL NADU,Transplant Centre,Kidney,,
271,DR K M NALLASWAMY HOSPITAL,"93. Power House Road,",ERODE,TAMIL NADU,Transplant Centre,Kidney,,
272,CHENNAI UROLOGY AND ROBOTICS INSTITUTE PVT LTD,"no.148, Okkiyam thoraipakkam",KANCHEEPURAM,TAMIL NADU,Transplant Centre,Kidney,,
273,KANYAKUMARI GOVERNMENT MEDICAL COLLEGE HOSPITAL,"kanniyakumari government medical college &amp; hospital, asaripallam",KANNIYAKUMARI,TAMIL NADU,Transplant Centre,Kidney,,
274,ASHWIN HOSPITAL,No 1 ALAMU NAGAR,COIMBATORE,TAMIL NADU,Transplant Centre,Kidney,,
275,KAUVERY HOSPITAL HEARTCITY,"52, Alexandria Road",TIRUCHIRAPPALLI,TAMIL NADU,Transplant Centre,"Heart, Lung",,
276,SREE MOOKAMBIKA INSTITUTE OF MEDICAL SCIENCES,"Padanilam, Kulasekharam",KANNIYAKUMARI,TAMIL NADU,Transplant Centre,Kidney,,
277,PREETHI HOSPITALS PRIVATE LIMITED,50 MELUR MAIN ROAD UTHANGUDI,MADURAI,TAMIL NADU,Transplant Centre,"Liver, Kidney",,
278,THE GUEST HOSPITAL,372,CHENNAI,TAMIL NADU,Transplant Centre,Kidney,,
279,PARAKH HOSPITAL AND RESEARCH CENTRE,Khokhani Lane Opposite Ghatkopar,MUMBAI,MAHARASHTRA,Transplant Centre,Kidney,,
280,SRM MEDICAL COLLEGE HOSPITAL AND RESEARCH CENTRE,SRM Nagar Potheri,KANCHEEPURAM,TAMIL NADU,Transplant Centre,"Heart, Intestine, Pancreas, Cornea, Liver, Kidney, Lung",,
281,Trichy SRM Medical College Hospital and Research Centre,"SRM Nagar, Trichy - Chennai Highways",TIRUCHIRAPPALLI,TAMIL NADU,Transplant Centre,"Cornea, Liver, Kidney",,
282,LIFEMED HOSPITALS PVT LTD,"32/12, Conran Smith Road",CHENNAI,TAMIL NADU,Transplant Centre,Kidney,,
283,BHANSALI MULTISPECIALITY HOSPITAL,Vakil line Paratwada,AMRAVATI,MAHARASHTRA,Retrieval Centre,"Heart, Heart Valve, Skin, Cornea, Liver, Liver, Kidney, Lung",,
284,VISHWA INSTITUTE,"Behind Kalamandir Somesh Colony ,Nanded",NANDED,MAHARASHTRA,Transplant Centre,Kidney,,
285,N M VIRANI WOCKHARDT HOSPITALS RAJKOT,KALAWAD ROAD,RAJKOT,GUJARAT,Retrieval Centre,"Heart, Pancreas, Cornea, Liver, Liver, Kidney",,
286,ICON HOSPITAL AKOLA,KEDIA PLOTS,AKOLA,MAHARASHTRA,Transplant Centre,Kidney,,
287,SHREE GIRIRAJ MULTISPECIALITY HOSPITAL,27-NAVJYOT PARK,RAJKOT,GUJARAT,Retrieval Centre,"Heart, Bone, Heart Valve, Intestine, Pancreas, Skin, Cartilage, Cornea, Liver, Blood Vessels, Kidney, Lung",,
288,HARIA LG ROTARY HOSPITAL,"Plot No.363/1 &amp; 364, Housing Sector",VALSAD,GUJARAT,Transplant Centre,"Heart, Kidney",,
289,GURU GOBIND SINGH GOVERNMENT HOSPITAL,Pandit Nehru Marg,JAMNAGAR,GUJARAT,Retrieval Centre,"Heart, Bone, Heart Valve, Intestine, Pancreas, Skin, Cornea, Liver, Kidney, Lung",,
290,INDIA KIDNEY HOSPITAL AND DIALYSIS CENTRE,7 Lajpat Nagar Link Road,JALANDHAR,PUNJAB,Transplant Centre,Kidney,,
291,SMHS HOSPITAL GMC SRINAGAR,KARANAGAR OPPOSITE POST OFFICE,SRINAGAR,JAMMU & KASHMIR,Transplant Centre,"Cornea, Kidney",,
292,CLIO EYE CARE,"Plot No 1SP, second Floor,Near DLF Phase 1 Rapid Metro Station Gate No 2,",GURGAON,HARYANA,Transplant Centre,Cornea,,
293,SUSHRUTA PLASTIC SURGERY AND BURNS HOSPITAL SANGLI,Near Garpir Chouk,SANGLI,MAHARASHTRA,Tissue Bank,Skin,,
294,VIKRAM HOSPITAL,"# 71/1, Opposite St. Annes college,",BANGALORE,KARNATAKA,Transplant Centre,"Heart, Heart Valve, Liver, Liver, Kidney, Lung",,
295,SKIMS,soura,SRINAGAR,JAMMU & KASHMIR,Transplant Centre,Kidney,,
296,STERLING HOSPITALS AHMEDABAD,"Off Gurukul Road,",AHMADABAD,GUJARAT,Transplant Centre,"Liver, Kidney",,
297,KD HOSPITAL,Vaishnovdevi Circle,AHMADABAD,GUJARAT,Transplant Centre,"Heart, Cornea, Liver, Kidney, Lung",,
298,LOTUS HOSPITAL,90 thayumanava sundaram street,ERODE,TAMIL NADU,Transplant Centre,Kidney,,
299,DR MANPREETS GLOBAL EYE HOSPITAL,SCF 36,PATIALA,PUNJAB,Transplant Centre,Cornea,,
300,JORHAT LIONS EYE HOSPITAL,NA-ALI,JORHAT,ASSAM,Tissue Bank,Cornea,,
301,L V PRASAD EYE INSTITUTE BHUBANESWAR,Plot No 347 -P,KHORDHA,ORISSA,Tissue Bank,Cornea,,
302,MANN MULTISPECIALITY HOSPITAL,SUBHASH ROAD ROHTAK,ROHTAK,HARYANA,Transplant Centre,Kidney,,
303,FORTIS HOSPITAL KALYAN,NEAR APMC MARKET,THANE,MAHARASHTRA,Retrieval Centre,"Heart, Intestine, Pancreas, Skin, Cornea, Liver, Kidney, Lung",,
304,NARAYANA MULTISPECIALITY HOSPITAL,Sector 28,JAIPUR,RAJASTHAN,Transplant Centre,"Heart, Liver, Kidney",,
305,SREE CHITRA TIRUNAL INSTITUTE FOR MEDICAL SCIENCES,Medical College P.O,THIRUVANANTHAPURAM,KERALA,Transplant Centre,"Heart, Heart Valve",,
306,BANGALORE BAPTIST HOSPITAL,Bellary Road,BANGALORE,KARNATAKA,Transplant Centre,Kidney,,
307,ASG HOSPITAL PVT LTD PATNA,OLD R K AVENUE,PATNA,BIHAR,Tissue Bank,Cornea,,
308,VISION PLUS EYE CENTRE,"KISAN TOWER FF&amp;SF, SECTOR 51",GAUTAM BUDDHA NAGAR,UTTAR PRADESH,Transplant Centre,Cornea,,
309,COLUMBIA ASIA HOSPITAL SARJAPUR ROAD,"Survey No 46/2,Ward No 150,Ambalipura",BANGALORE,KARNATAKA,Transplant Centre,Kidney,,
310,R D GARDI MEDICAL COLLEGE UJJAIN MP,"village Surasa, Ujjain, Madhya Pradesh",UJJAIN,MADHYA PRADESH,Transplant Centre,"Cornea, Kidney",,
311,FORTIS JAIPUR,JLN Marg,JAIPUR,RAJASTHAN,Transplant Centre,"Heart, Kidney",,
312,DISPUR HOSPITALS PRIVATE LIMITED,"Ganeshguri, Dispur",KAMRUP METROPOLITAN,ASSAM,Transplant Centre,Kidney,,
313,APOLLOMEDICS SUPER SPECIALITY HOSPITALS,"Kanpur-Lucknow Road,Sector B,Bargawan,LDA Colony,Lucknow",LUCKNOW,UTTAR PRADESH,Transplant Centre,"Heart, Cornea, Liver, Kidney",,
314,BAPS SHASTRIJI MAHARAJ HOSPITAL,Atladara,VADODARA,GUJARAT,Retrieval Centre,"Liver, Kidney",,
315,KALINGA HOSPITAL LTD,"Chandrasekarpur, Bhubaneswar",KHORDHA,ORISSA,Transplant Centre,Kidney,,
316,WESTFORT HOSPITAL,WESTFORT,THRISSUR,KERALA,Transplant Centre,Kidney,,
317,BHAILAL AMIN GENERAL HOSPITAL,Gorwa,VADODARA,GUJARAT,Transplant Centre,"Liver, Kidney",,
318,MEITRA,"Building no 38/2208 B, Karaparamba – Kunduparamba , Mini Bypass Road",KOZHIKODE,KERALA,Transplant Centre,"Heart, Intestine, Kidney",,
319,SPECIALISTS HOSPITAL,ERNAKULAM NORTH,ERNAKULAM,KERALA,Transplant Centre,Kidney,,
320,SUNRISE HOSPITAL,"Seaport-Airport Road,Kakkanad,Kochi",ERNAKULAM,KERALA,Transplant Centre,Kidney,,
321,B Y L NAIR CHARITABLE HOSPITAL,Mumbai Central (East),MUMBAI,MAHARASHTRA,Transplant Centre,Kidney,,
322,WOCKHARDT HOSPITAL PVT LTD,"Wadala Naka,",NASHIK,MAHARASHTRA,Transplant Centre,Kidney,,
323,LILAVATI HOSPITAL AND RESEARCH CENTRE,"A -791, Bandra Reclamation",MUMBAI SUBURBAN,MAHARASHTRA,Transplant Centre,"Heart, Liver, Kidney",,
324,MEDICOVER HOSPITALS,15-2-9,VISAKHAPATNAM,ANDHRA PRADESH,Transplant Centre,Kidney,,
325,SDA DIAMOND HOSPITAL AND MEDICAL RESEARCH CENTRE,"Swati Soc., Chikuwadi, Nana Varachha",SURAT,GUJARAT,Retrieval Centre,"Heart, Pancreas, Cornea, Liver, Kidney, Lung",,
326,SAGAR HOSPITAL JAYANAGAR,"#44/54, 30th Cross",BANGALORE,KARNATAKA,Transplant Centre,Kidney,,
327,ZYDUS HOSPITALS AND HEALTHCARE RESEARCH PVT LTD,Near Indira Gandhi Statue,ANAND,GUJARAT,Transplant Centre,Kidney,,
328,DIVYADRISHTI EYE CENTRE PVT LTD,"3,S B I COLONY",PATNA,BIHAR,Tissue Bank,Cornea,,
329,CARE HOSPITALS,"Unit No. 42, Plot No. 324, Prachi Enclave, Chandrasekharpur, Bhubaneswar",KHORDHA,ORISSA,Transplant Centre,"Heart, Liver, Kidney, Lung",,
330,"YASHODA HEALTHCARE SERVICES LIMITED, SOMAJIGUDA, HYDERABAD",Yashoda Healthcare Services Limited,HYDERABAD,TELANGANA,Transplant Centre,"Heart, Liver, Kidney, Lung",,
331,RAINBOW CHILDRENS HOSPITAL,"Road No.2, Banjara Hills",HYDERABAD,TELANGANA,Transplant Centre,"Liver, Kidney",,
332,AINU PVT LTD,6-3-562/A,HYDERABAD,TELANGANA,Transplant Centre,Kidney,,
333,DR OM PARKASH EYE INSTITUTE,117 A THE MALL,AMRITSAR,PUNJAB,Tissue Bank,Cornea,,
334,DHIRAJ HOSPITAL,Waghodia Road,VADODARA,GUJARAT,Retrieval Centre,"Heart, Bone, Heart Valve, Intestine, Pancreas, Cornea, Liver, Kidney, Lung",,
335,THE MADRAS MEDICAL MISSION HOSPITAL,JJ NAgar,CHENNAI,TAMIL NADU,Transplant Centre,"Heart, Heart Valve, Kidney, Lung",,
336,THE DECCAN HOSPITAL,"Rajbhavan Road,Somajiguda, Hyderabad,Telangana-82",HYDERABAD,TELANGANA,Transplant Centre,Kidney,,
337,ASIAN INSTITUTE OF NEPHROLOGY AND UROLOGY,"16-11-741/C/C/15, Indira Nagar Road Near Metro Pillar No: A1517 Gaddiannaram, Dilsukhnagar",HYDERABAD,TELANGANA,Transplant Centre,Kidney,,
338,CARE HOSPITALS,"2-50/CARE/G,OLD MUMBAI HIGHWAY ROAD,",HYDERABAD,TELANGANA,Transplant Centre,"Heart, Liver, Kidney, Lung",,
339,VIRINCHI HOSPITALS,6-3-2 6-3-3 6-3-3/1 6-3-4 road No 1,HYDERABAD,TELANGANA,Transplant Centre,"Cornea, Liver, Kidney",,
340,DR L H HIRANANDANI HOSPITAL,Hillside Avenue,MUMBAI SUBURBAN,MAHARASHTRA,Transplant Centre,"Heart, Liver, Kidney, Lung",,
341,COLUMBIA ASIA HOSPITAL WHITEFIELD,"sy no 10P&amp;12P,Ramagondanahalli village, Varthur Hobli, Whitefield , Bangalore",BANGALORE,KARNATAKA,Transplant Centre,Kidney,,
342,VADODARA INSTITUTE OF NEUROLOGICAL SCIENCES,"99, Urmi Society, Opp. Haveli, Akota",VADODARA,GUJARAT,Retrieval Centre,"Heart, Bone, Heart Valve, Intestine, Pancreas, Skin, Cartilage, Cornea, Liver, Blood Vessels, Kidney, Lung",,
343,NSCB MEDICAL COLLEGE JABALPUR,"NAGPUR ROAD, JABALPUR",JABALPUR,MADHYA PRADESH,Transplant Centre,"Cornea, Kidney",,
344,YASHODA HOSPITAL AND RESEARCH CENTRE,"III M,NEHRU NAGAR,GHAZIABAD",GHAZIABAD,UTTAR PRADESH,Transplant Centre,Kidney,,
345,SSG HOSPITAL VADODARA,Jail Road Vadodara,VADODARA,GUJARAT,Retrieval Centre,"Heart, Bone, Heart Valve, Intestine, Pancreas, Skin, Cartilage, Cornea, Liver, Blood Vessels, Kidney, Lung",,
346,COLUMBIA ASIA REFERRAL HOSPITAL YESHWANTHPUR,26/4 Brigade Gateway,BANGALORE,KARNATAKA,Transplant Centre,"Heart, Liver, Kidney, Lung",,
347,GEETA BHAWAN,Rangar Seri Barnagar,UJJAIN,MADHYA PRADESH,Retrieval Centre,Cornea,,
348,SIDDHI MULTISPECIALITY AND ICU,"NEAR SURSAGAR, BESIDE FIREBRIGADE,DANDIYA BAZAR",VADODARA,GUJARAT,Retrieval Centre,"Heart, Bone, Heart Valve, Intestine, Pancreas, Skin, Cartilage, Cornea, Liver, Blood Vessels, Kidney, Lung",,
349,APOLLO SAGE HOSPITALS,Apollo Sage Hospitals,-,MADHYA PRADESH,Transplant Centre,"Liver, Kidney",,
350,GOVERNMENT THENI MEDICAL COLLEGE HOSPITAL,Kochi-Dhanushkodi Road,-,TAMIL NADU,Retrieval Centre,"Heart, Bone, Heart Valve, Intestine, Pancreas, Skin, Cartilage, Cornea, Liver, Blood Vessels, Kidney, Lung",,
351,TRUSTWELL HOSPITAL,No.5,BANGALORE,KARNATAKA,Transplant Centre,"Liver, Kidney",,
352,APPLE HOSPITALS AND RESEARCH INSTITUTE LTD,"804/2,805/2, Bhoslewadi",KOLHAPUR,MAHARASHTRA,Transplant Centre,"Heart, Kidney",,
353,CENTRAL UNITED HOSPITAL,OPP ODHAV LAKE BRTS ODHAV,AHMADABAD,GUJARAT,Retrieval Centre,"Heart, Bone, Heart Valve, Intestine, Pancreas, Skin, Cartilage, Cornea, Liver, Blood Vessels, Kidney, Lung",,
354,APOLLO HOSPITALS SHESHADRIPURAM BANGALORE,"No. 1, Old No. 28, Platform Road Near Mantri Square Mall",BANGALORE,KARNATAKA,Transplant Centre,"Heart, Pancreas, Liver, Kidney, Hand, Lung",,https://www.apollohospitals.com/bangalore/departments/transplantation
355,UNITY HOSPITAL UNITY CARE AND HEALTH SERVICES PVT,P.BOX NO535 FALNIR ROAD,DAKSHINA KANNADA,KARNATAKA,Transplant Centre,Kidney,,
356,RADHABA KHUSHALDADA EYE HOSPITAL,NR.SHRI AGASIMATA TEMPLE,SURAT,GUJARAT,Transplant Centre,Cornea,,
357,CHANDIGARH EYE CARE,4M/122 B.H.Colony,PATNA,BIHAR,Transplant Centre,Cornea,,
358,WOCKHARDT HOSPITAL MIRA ROAD,Near Rassaz Shopping,MUMBAI,MAHARASHTRA,Transplant Centre,"Pancreas, Liver, Kidney",,
359,SPARSH SUPER SPECIALITY HOSPITAL YASHAWANTHPUR,"4/1,",BANGALORE,KARNATAKA,Transplant Centre,"Heart, Pancreas, Liver, Kidney, Lung",,
360,VIVEKA SUPPER SPECIALITY HOSPITALS NAGPUR,PLOT NO 1A NAIK LAYOUT SUBHASH NAGAR NAGPUR,NAGPUR,MAHARASHTRA,Transplant Centre,Kidney,,
361,MALDA MEDICAL COLLEGE AND HOSPITAL,Uma Roy Sarani,MALDAH,WEST BENGAL,Tissue Bank,Cornea,,
362,SANKARA NETHRALAYA NEW TOWN,PREM NO.253333 PLOT NO DJ/16 ACTION AERA /ID NEW TOWN,KOLKATA,WEST BENGAL,Tissue Bank,Cornea,,
363,VIVEKANANDA MISSION ASRAM NETRA NIRAMAY NKETAN,"VIVEKNAGAR, P.O.- CHAITANYAPUR",PURBA MEDINIPUR,WEST BENGAL,Transplant Centre,Cornea,,
364,TRENETRALAYA A UNIT OF CEH PVT LTD,"33, DR SUNDARI MOHAN AVENUE",KOLKATA,WEST BENGAL,Tissue Bank,Cornea,,
365,REGIONAL INSTITUTE OF OPHTHALMOLOGY KOLKATA,Medical College &amp; Hospital Campus,KOLKATA,WEST BENGAL,Tissue Bank,Cornea,,
366,ASIAN INSTITUTE OF NEPHROLOGY AND UROLOGY,"1-92/1/24/A, Opp. Butta Convention, Siddhi Vinayaka Nagar, KPBH Road, HITEC City, Hyderabad - 500084",RANGAREDDY,TELANGANA,Transplant Centre,Kidney,,
367,OMEGA HOSPITALS,"CHR Lane, Rd Number 1, Seven Hills Colony",RANGAREDDY,TELANGANA,Transplant Centre,Kidney,,
368,SATHYA KIDNEY CENTRE AND SUPER SPECIALITY HOSPITAL,3-6-426 STREET NO 4,HYDERABAD,TELANGANA,Transplant Centre,Kidney,,
369,SINDHU HOSPITALS,"HITEC City, Hyderabad",RANGAREDDY,TELANGANA,Transplant Centre,"Heart, Kidney",,
370,GURUNANAK CARE HOSPITAL,1-4-908/7/1 BAKARAM,HYDERABAD,TELANGANA,Transplant Centre,Kidney,,
371,SAROJINIDEVI EYE HOSPITAL,"Mehdipatnam Road, Ex service Men colony, Humayun Nagar, hyderabad",HYDERABAD,TELANGANA,Tissue Bank,Cornea,,
372,CITIZENS HOSPITALS,NALLANGANDLA,RANGAREDDY,TELANGANA,Transplant Centre,"Heart, Kidney",,
373,DR JEYASEKHARAN HOSPITAL NURSING HOME,"K.P.Road, Nagercoil",KANNIYAKUMARI,TAMIL NADU,Transplant Centre,Kidney,,
374,PGIMER CHANDIGARH,Sector 12,CHANDIGARH,CHANDIGARH (UT),Transplant Centre,"Heart, Pancreas, Skin, Cornea, Liver, Kidney, Lung",,
375,KIMS,"PB No 1, Anayara Post, Trivandrum.",THIRUVANANTHAPURAM,KERALA,Transplant Centre,"Liver, Kidney",,
376,CARITAS HOSPITAL,Thellakom,KOTTAYAM,KERALA,Transplant Centre,"Heart, Liver, Kidney, Lung",,
377,APOLLO HOSPITALS,FILMNAGAR,HYDERABAD,TELANGANA,Transplant Centre,"Heart, Heart Valve, Intestine, Pancreas, Cornea, Liver, Blood Vessels, Kidney, Lung",,
378,ASTER MIMS KOZHIKODE,"MIMS, Govindapuram PO, Kozhikode",KOZHIKODE,KERALA,Transplant Centre,"Heart, Liver, Kidney",,
379,EYE CARE AND RESEARCH CENTRE,Karan Nagar,SRINAGAR,JAMMU & KASHMIR,Transplant Centre,Cornea,,
380,SURETECH HOSPITAL AND RESEARCH CENTRE LTD NAGPUR,13 A BANNERJEE MARG DHANTOLI,NAGPUR,MAHARASHTRA,Transplant Centre,Kidney,,
381,FORTIS HOSPITALS LTD FORTIS ESCORTS HOSPITAL,Majitha Verka Bypass Road,AMRITSAR,PUNJAB,Transplant Centre,Kidney,,
382,AMRITSAR EYE CLINIC,# 122/1,DEHRADUN,UTTARAKHAND,Transplant Centre,Cornea,,
383,G KUPPUSWAMY NAIDU MEMORIAL HOSPITAL,"6327, Nethaji Road",COIMBATORE,TAMIL NADU,Transplant Centre,"Heart, Kidney",,
384,AYKAI HOSPITAL,"Institute No.1, Sec-39-A, Ldh-Chd National Highway, Near Samrala Chowk,",LUDHIANA,PUNJAB,Transplant Centre,"Liver, Kidney",,
385,RIGHT HOSPITALS P LTD,No.1,CHENNAI,TAMIL NADU,Tissue Bank,"Skin, Kidney",,
386,APEX HOSPITAL PVT LTD,SP4&amp;6 Malviya Nagar,JAIPUR,RAJASTHAN,Transplant Centre,Kidney,,
387,M K INTERNATIONAL EYE BANK,"Sai Sampada, Terrace Floor, 16, Chhoti Khajrani, MR-9",INDORE,MADHYA PRADESH,Tissue Bank,Cornea,,
388,SRI RAMACHANDRA MEDICAL CENTRE,"1,Ramachandra Nagar,Porur,",THIRUVALLUR,TAMIL NADU,Transplant Centre,"Heart, Heart Valve, Cornea, Liver, Liver, Kidney, Lung",,
389,AMAR SHAKTI EYE AND GYNAE CLINIC,"SCO-33, First Floor, Inner Market,",CHANDIGARH,CHANDIGARH (UT),Tissue Bank,Cornea,,
390,DR ASHOK SHARMA CORNEA CENTRE,"S.C.O.2463-2464,2ND FLOOR",CHANDIGARH,CHANDIGARH (UT),Tissue Bank,Cornea,,
391,SUNSHINE GLOBAL HOSPITAL MANJLAPUR,NEAR SHREYASH VIDHYALAYAOL,VADODARA,GUJARAT,Retrieval Centre,"Heart, Cornea, Liver, Liver, Kidney",,
392,NATIONAL PHARMA HOSPITAL AND RESEARCH INSTITUTET,"111, Medical college - Vallam Road",THANJAVUR,TAMIL NADU,Transplant Centre,Kidney,,
393,NEW HOPE INDIAN SPECIALITY HOSPITALS PVT LTD,"1051,POONAMALLEE HIGH ROAD,ARUMBAKKAM ,CHENNAI",CHENNAI,TAMIL NADU,Transplant Centre,Kidney,,
394,L V PRASAD EYE INSTITUTE,Kallam Anji Reddy Campus,HYDERABAD,TELANGANA,Tissue Bank,Cornea,,
395,ETERNAL HOSPITAL,3 A,JAIPUR,RAJASTHAN,Transplant Centre,"Heart, Kidney",,
396,L V PRASAD EYE INSTITUTE GMRV CAMPUS,GMR Varalakshmi Campus,VISAKHAPATNAM,ANDHRA PRADESH,Tissue Bank,Cornea,,
397,L V PRASAD EYE INSTITUTE KVC CAMPUS,Tadigadapa,KRISHNA,ANDHRA PRADESH,Tissue Bank,Cornea,,
398,APOLLO HOSPITALS GUWAHATI UNIT INTERNATIONAL HOSPI,LOTUS TOWER,KAMRUP METROPOLITAN,ASSAM,Transplant Centre,"Liver, Kidney",,
399,SRI JAYADEVA INSTITUTE OF CARDIOVASCULAR SCIENCES,"JAYANAGAR 9TH BLOCK BANNERGHATTA ROAD, BANGALORE",BANGALORE,KARNATAKA,Transplant Centre,"Heart, Heart Valve, Lung",,
400,EMINENTHOSPITAL,6/1 OPP BARWANI PLAZA,INDORE,MADHYA PRADESH,Transplant Centre,"Liver, Kidney",,
401,SKHPL SAHYADRI SUPER SPECIALITY HOSPITAL KARAD,"A/P Varunji Naka, Karad, Tal. Karad, Dist. Satara, Maharashtra 415 110.",SATARA,MAHARASHTRA,Transplant Centre,"Pancreas, Liver",,
402,SS MULTISPECIALTY HOSPITAL,"13, NEW SNEH NAGAR, NEAR JAIPRAKASH NAGAR METRO STATION, JAITALA ROAD, NAGPUR - 440015",NAGPUR,MAHARASHTRA,Transplant Centre,Kidney,,https://www.ssmultispecialtyhospital.com
403,DWTI PGH AND BANKERS HEART INSTITUTE,"OPP LAKEVIEW GARDEN, BEHIND SHARDAYATAN SCHOOL,",SURAT,GUJARAT,Retrieval Centre,"Heart, Intestine, Pancreas, Cornea, Liver, Kidney, Lung",,
404,AUREUS INSTITUTE OF MEDICAL SCIENCES,Plot no 16 wanjari nagar opp rajabaksha hanuman mandir,NAGPUR,MAHARASHTRA,Transplant Centre,Kidney,,
405,STERLING ADDLIFE INDIA PRIVATE LIMITED,"Plot No 251, 150 ft Ring Road, Near nanavati chowk",RAJKOT,GUJARAT,Retrieval Centre,"Heart, Bone, Heart Valve, Intestine, Pancreas, Skin, Cartilage, Cornea, Liver, Blood Vessels, Kidney, Lung",,
406,LOURDES HOSPITAL,Pachalam,ERNAKULAM,KERALA,Transplant Centre,Kidney,,
407,CONTINENTAL HOSPTIALS,"Plot No.3, Road No.2",RANGAREDDY,TELANGANA,Transplant Centre,"Heart, Liver, Kidney",,
408,DR KAMAKSHI MEMORIAL HOSPITAL,"No: 1, Radial Road , Pallikaranai Chennai",CHENNAI,TAMIL NADU,Transplant Centre,"Pancreas, Liver, Kidney",,
409,ASIAN HEART INSTITUTE,G/N BLOCK,MUMBAI,MAHARASHTRA,Transplant Centre,"Heart, Kidney",,
410,AMRITA INSTITUTE OF MEDICAL SCIENCES,AIMS Ponekkara P.O,ERNAKULAM,KERALA,Transplant Centre,"Heart, Intestine, Pancreas, Cornea, Liver, Kidney, Lung",,
411,PRINCE ALY KHAN HOSPITAL,Aga hall,MUMBAI,MAHARASHTRA,Transplant Centre,Kidney,,
412,CENTRE FOR SIGHT JAIPUR,"34,35, Mauji Colony,Opposite Pradhan Marg Petrol Pump, Malviya Nagar",JAIPUR,RAJASTHAN,Tissue Bank,Cornea,,
413,K K HOSPITAL,87/88 Nabiullah Raod,LUCKNOW,UTTAR PRADESH,Tissue Bank,Kidney,,
414,CENTRE FOR SIGHT JODHPUR,"562,",JODHPUR,RAJASTHAN,Tissue Bank,Cornea,,
415,DD HOSPITALS,Head office NO:7 D D HOSPITAL BUS STOP.,THIRUVALLUR,TAMIL NADU,Transplant Centre,"Heart, Bone, Heart Valve, Intestine, Pancreas, Skin, Cartilage, Cornea, Liver, Kidney, Lung",,
416,MEDICOVER HOSPITALS,"opp.cyber gateway,IBIS Hotel lane",HYDERABAD,TELANGANA,Transplant Centre,"Pancreas, Liver, Kidney",,
417,MONILEK HOSPITAL AND RESEARCH CENTRE,"Sec-4, Jawahar Nagar",JAIPUR,RAJASTHAN,Transplant Centre,Kidney,,
418,SUNRISE MULTISPECIALITY HOSPITAL,"SHIVAJI PARK,KOLHAPUR",KOLHAPUR,MAHARASHTRA,Transplant Centre,"Liver, Kidney",,
419,SUNSHINE HOSPITALS,"Hno.1-7-201 TO 205, Paradise, Secunderabad.",HYDERABAD,TELANGANA,Transplant Centre,"Heart, Liver, Kidney",,
420,SAVITA SUPER SPECIALITY HOSPITAL,"Parivar Char Rasta, Waghodia",VADODARA,GUJARAT,Retrieval Centre,"Heart, Bone, Heart Valve, Intestine, Pancreas, Skin, Cartilage, Cornea, Liver, Blood Vessels, Kidney, Lung",,
421,SRCC CHILDREN'S HOSPITAL MNGED BY NARAYANA HEALTH,"1A HAJI ALI PARK, KESHAVRAO KHADYE MARG NEAR MCGM PUMP STATION, MAHALAXMI",MUMBAI,MAHARASHTRA,Transplant Centre,"Liver, Kidney",,
422,HEALTHCARE GLOBAL ENTERPRISES,"No. 8, P Kalingaroa road",BANGALORE,KARNATAKA,Transplant Centre,Liver,,
423,AMRITA INSTITUTEOFMEDICALSCIENCESANDRESEARCHCENTRE,"Amrita Hospital, Mata Amritanandamayi Marg, Sector 88, Faridabad Haryana, 121002, India",FARIDABAD,HARYANA,Transplant Centre,"Heart, Bone, Intestine, Pancreas, Cartilage, Cornea, Liver, Kidney",,
424,ASSURED BEST CARE HOSPITAL PVT LTD,"1,Malligaisalai",TIRUCHIRAPPALLI,TAMIL NADU,Transplant Centre,Kidney,,
425,KAVERY MEDICAL CENTRE,"No:1, K.C. Road",TIRUCHIRAPPALLI,TAMIL NADU,Transplant Centre,Kidney,,
426,APOLLO HOSPITAL TRICHY,"chennai bypass road,",TIRUCHIRAPPALLI,TAMIL NADU,Transplant Centre,Kidney,,
427,ICARE EYE HOSPITAL,E-3A,GAUTAM BUDDHA NAGAR,UTTAR PRADESH,Cornea Transplant Centre/Eye Bank,Cornea,,
428,KUMARAN HOSPITALS PVT LTD,"NO, 214, E.V.R. PERIYAR SALAI,",CHENNAI,TAMIL NADU,Transplant Centre,"Liver, Kidney",,
429,KASTURBA HOSPITAL MANIPAL,MADHAV NAGAR,UDUPI,KARNATAKA,Transplant Centre,"Heart, Liver, Kidney",,
430,CHRISTIAN MEDICAL COLLEGE VELLORE RANIPET CAMPUS,"Kilminnal Village,",VELLORE,TAMIL NADU,Transplant Centre,"Heart, Liver, Kidney, Lung",,
431,SRI PADMAVATHI CHILDRENS HEART CENTRE,BIRRD HOSPITAL PREMISES,CHITTOOR,ANDHRA PRADESH,Transplant Centre,Heart,,
432,AAROGYAM SUPERSPECIALITY HOSPITAL DURG,"KADAMBARI NAGAR, NH-53",DURG,CHHATTISGARH,Transplant Centre,Kidney,,
433,THIRUVARUR GOVERNMENT MEDICAL COLLEGE AND HOSPITAL,"Collector office backside, Thiruvarur",THIRUVARUR,TAMIL NADU,Retrieval Centre,"Heart, Heart Valve, Cornea, Liver, Kidney, Lung",,
434,ESI GOVERNMENT MEDICAL COLLEGE HOSPITAL,"58,Kamarajar Road,Varadharajapuram,Singanallur,Coimbatore-641015",COIMBATORE,TAMIL NADU,Retrieval Centre,Cornea,,
435,VELAN SPECIALITY HOSPITALS PVT LTD,"No: 1 Jail Corner , Highways colony , Subramaniyapuram",TIRUCHIRAPPALLI,TAMIL NADU,Transplant Centre,Kidney,,
436,PERFECT VISION SUPER SPECIALTY EYE HOSPITAL,GULSHAN NAGAR NOWGAM,SRINAGAR,JAMMU & KASHMIR,Transplant Centre,Cornea,,
437,ESIC MEDICAL COLLEGE FARIDABAD,ESIC Medical College &amp;hospital NIT 3 Faridabad,FARIDABAD,HARYANA,Transplant Centre,"Cornea, Kidney",,
438,AIG HOSPITAL,GACHIBOWLI,HYDERABAD,TELANGANA,Transplant Centre,"Heart, Pancreas, Liver, Kidney",,
439,SARVODAYA HOSPITAL GREATER NOIDA WEST,"Plot No - Pocket-2/GH-03, Sector - 16C, Gaur City - 2, Greater Noida west",GAUTAM BUDDHA NAGAR,UTTAR PRADESH,Transplant Centre,Kidney,,https://www.sarvodayahospital.com/hospitals/sarvodaya-hospital-gr-noida-west
440,SRG HOSPITAL AND JHALAWAR MEDICAL COLLEGE,"SRG Hospital and JMC, N.H.-12, Kota Road, Jhalawar",JHALAWAR,RAJASTHAN,Retrieval Centre,"Heart, Intestine, Pancreas, Liver, Kidney, Lung",,
441,MAHARANA BHUPAL GOVERNMENT HOSPITAL UDAIPUR,Chetak Circlre,UDAIPUR,RAJASTHAN,Retrieval Centre,"Heart, Bone, Heart Valve, Intestine, Pancreas, Skin, Cornea, Liver, Kidney, Lung",,
442,DOCTOR LAXMI NARAYAN PANDEY GMC RATLAM,"Doctor Laxmi Narayan Pandey Govt Medical College Ratlam, Sailana Road, Gram Banjali, Ratlam",RATLAM,MADHYA PRADESH,Transplant Centre,Cornea,,
443,RAINBOW INST OF MED SCIENCES AMRAVATI,"Beside Hotel Neelam, Badnera Road",AMRAVATI,MAHARASHTRA,Transplant Centre,Kidney,,
444,SHALBY HOSPITAL SURAT,"NEAR NAVYUG COLLEGE,RANDER ROAD",SURAT,GUJARAT,Transplant Centre,Kidney,,
445,ARAVIND EYE HOSPITAL PONDICHERRY,Thavalakuppam,PUDUCHERRY,PUDUCHERRY (UT),Tissue Bank,Cornea,,
446,HCG HOSPITALS,"1 Maharashtra Society, Mithakhali Six road",AHMADABAD,GUJARAT,Retrieval Centre,"Heart, Cornea, Liver, Kidney, Lung",,
447,ARHAM EYE HOSPITAL AND CORNEA CARE CENTRE,"Arham eye hospital and cornea care centre , near lakshminagar chowk beside maruti driving school",RAJKOT,GUJARAT,Tissue Bank,Cornea,,
448,SRMS IMS BHOJIPURA BAREILLY,"Bhojipura,",BAREILLY,UTTAR PRADESH,Transplant Centre,"Cornea, Kidney",,
449,CENTRE FOR SIGHT EYE INSTITUTE,POLOT NO-9,SOUTH WEST,DELHI (UT),Tissue Bank,Cornea,,
450,ISWARYA HOSPITAL ISWARYA HEALTH PVT LTD,110 RAJIV GANDHI SALAI OMR TARAMANI,CHENNAI,TAMIL NADU,Transplant Centre,"Heart, Pancreas, Liver, Kidney, Lung",,https://mehtahospital.com/kidney-transplant-chetpet/
451,MUMBAI EYE CARE CORNEA AND LASIK CENTRE PVT LTD,"101/102, SAI VAIBHAV CHS, NEAR VIKRANT CIRCLE, GHATKOPAR EASR",MUMBAI SUBURBAN,MAHARASHTRA,Tissue Bank,Cornea,,
452,I CLINIX ADVANCED EYE CARE,"26, UGF, National Park, Lajpat Nagar-4, Near Moolchand Metro Station",SOUTH,DELHI (UT),Tissue Bank,Cornea,,
453,UNIVERSAL SUPERSPECIALITY HOSPITAL LTD,"Beside Jash Infinity, BH New SMC Building,",SURAT,GUJARAT,Transplant Centre,"Liver, Kidney",,
454,SAINT GEORGES HOSPITAL MUMBAI,P D'Mello Road Near CSMT Railway Station,MUMBAI,MAHARASHTRA,Transplant Centre,Liver,,
455,ILS HOSPITAL RAIPUR A UNIT OF GPT HEALTHCARE LTD,"ILS HOSPITAL RAIPUR, NEXT TO SPARSH AUTOMOBILES PACHPEDI NAKA RAIPUR",RAIPUR,CHHATTISGARH,Transplant Centre,"Liver, Kidney",,
456,ST PETERS MEDICAL COLLEGE HOSPITAL,"No.278,Moranapalli Village,Dr.M.G.R Nagar ,Near AERI Campus,Opp.SIPCOT-II",KRISHNAGIRI,TAMIL NADU,Transplant Centre,"Cornea, Liver, Kidney",,
457,GREWAL EYE INSTITUTE,"SCO No.168-169,170-171",CHANDIGARH,CHANDIGARH (UT),Transplant Centre,Cornea,,
458,DRMURUGANS HEALTHCARE SPECIALITY HOSPITAL,"124/1A,Vaas Nagar,Chennai Highways",TIRUCHIRAPPALLI,TAMIL NADU,Transplant Centre,Kidney,,
459,NU HOSPITALS PRIVATE LTD,"C.A - 6, 15th Main, 11th Cross",BANGALORE,KARNATAKA,Transplant Centre,Kidney,,
460,KING GEORGE'S MEDICAL UNIVERSITY LUCKNOW,Chowk,LUCKNOW,UTTAR PRADESH,Transplant Centre,"Heart, Liver, Kidney",,
461,MEDICAL TRUST HOSPITAL,Medical Trust Hospital,ERNAKULAM,KERALA,Transplant Centre,"Heart, Cornea, Liver, Kidney, Lung",,
462,SHINE AESTHETIC AND EYE CLINIC,"105, Pinnacle Business Park, opp. Royal Orchid",AHMADABAD,GUJARAT,Tissue Bank,Cornea,,
463,MMF' RATNA MEMORIAL HOSPITAL,968,PUNE,MAHARASHTRA,Transplant Centre,Kidney,,
464,GMERS MCH DHARPUR PATAN,AT DHARPUR,PATAN,GUJARAT,Retrieval Centre,"Heart, Bone, Heart Valve, Intestine, Pancreas, Skin, Cartilage, Cornea, Liver, Blood Vessels, Kidney, Lung",,
465,GOVT MEDICAL COLLEGE KOTTAYAM,GOVT MEDICAL COLLEGE,KOTTAYAM,KERALA,Transplant Centre,"Heart, Heart Valve, Cornea, Kidney, Lung",,
466,LAKESHORE HOSPITAL AND RESEARCH CENTRE LTD,NH 47 Bypass,ERNAKULAM,KERALA,Transplant Centre,"Heart, Intestine, Pancreas, Liver, Kidney",,
467,M S RAMAIAH NARAYANA HEART CENTRE,MSRIT post MSR nagar Bangalore,BANGALORE,KARNATAKA,Transplant Centre,"Heart, Heart Valve, Lung",,
468,KAUVERY HOSPITAL TIRUNVELI,"110E, 20/1, N Bypass Rd, Vannarpettai",TIRUNELVELI,TAMIL NADU,Transplant Centre,"Liver, Kidney",,
469,SRI RAMAKRISHNA HOSPITAL,"395,Sarojini Naidu Road",COIMBATORE,TAMIL NADU,Transplant Centre,"Heart, Liver",,
470,KOHINOOR HOSPITALS PRIVATE LIMITED,"Kohinoor City, Kirol Road, Off LBS Road, Kurla- West",MUMBAI SUBURBAN,MAHARASHTRA,Transplant Centre,Kidney,,
471,ADVANCED CENTREFOR EYES,"# 4-D, Kitchlu Nagar,",LUDHIANA,PUNJAB,Transplant Centre,Cornea,,
472,BRAR EYE HOSPITAL PVT LTD,FARIDKOT ROAD,FARIDKOT,PUNJAB,Tissue Bank,Cornea,,
473,SHIJA HOSPITALS AND RESEARCH INSTITUTE PVT LTD,Langol,IMPHAL WEST,MANIPUR,Transplant Centre,"Cornea, Kidney",,
474,SANKARA EYE HOSPITAL,"vipul world,village bhanohar,post dakha,ferozpur road-ludhiana",LUDHIANA,PUNJAB,Tissue Bank,Cornea,,
475,ASIAN INSTITUTE OF MEDICAL SCIENCES,Sector 21 A,FARIDABAD,HARYANA,Transplant Centre,"Heart, Kidney",,
476,GOVERNMENT ROYAPETTAH HOSPITAL,1 west cott road,CHENNAI,TAMIL NADU,Transplant Centre,Kidney,,
477,AISHWARYAM SPECIALITY HOSPITAL,"114/1,Bangalore By Pass Road,Near AVR Roundana,Salem-636005",SALEM,TAMIL NADU,Transplant Centre,Kidney,,
478,CETHAR HOSPITAL,"C-108, FORT STATION ROAD, 5TH CROSS, THILLAI NAGAR, TRICHY -18",TIRUCHIRAPPALLI,TAMIL NADU,Transplant Centre,Liver,,
479,EYE BANK CENTRE FOR SIGHT,"PLOT NO.-9, SECTOR-9",SOUTH WEST,DELHI (UT),Tissue Bank,Cornea,,
480,CENTRE FOR SIGHT,"B-5/24,SAFDARJUNG ENCLAVE",CENTRAL,DELHI (UT),Tissue Bank,Cornea,,
481,INAMDAR MULTISPECIALITY HOSPITAL,S.No.15,PUNE,MAHARASHTRA,Transplant Centre,"Pancreas, Kidney",,
482,DELHI HEART INSTITUTE AND MULTISPECIALITY HOSPITAL,G. T. Road,BATHINDA,PUNJAB,Transplant Centre,Kidney,,
483,NEW VISION LASER CENTERS RAJKOT PVT LTD,"101, Tower A,",RAJKOT,GUJARAT,Tissue Bank,Cornea,,
484,MEDWAY HOSPITALS,"(A UNIT OF UNITED ALLIANCE HEALTHCARE PVT LTD), 2/26, 1ST MAIN ROAD,",CHENNAI,TAMIL NADU,Transplant Centre,Kidney,,
485,GEM HOSPITAL,"45, pankaja mill road, ramanathapuram",COIMBATORE,TAMIL NADU,Transplant Centre,"Liver, Kidney",,
486,MEENAKSHI HOSPITAL,244/2 Trichy Main Road,THANJAVUR,TAMIL NADU,Transplant Centre,"Liver, Kidney",,
487,APOLLO RAJSHREE HOSPITAL INDORE,"Scheme no. 74 C, Sector-D, ",INDORE,MADHYA PRADESH,Transplant Centre,"Liver, Kidney",,
488,INDIANA HOSPITAL AND HEART INSTITUTE LTD,Mahaveer circle,DAKSHINA KANNADA,KARNATAKA,Transplant Centre,"Heart, Liver, Kidney, Lung",,
489,BHARATHIRAJAA SPECIALITY HOSPITAL RESEARCH CENTRE,20,CHENNAI,TAMIL NADU,Transplant Centre,Kidney,,
490,DR SHAKEEN EYE DENTAL AND LASIK LASER CENTER,391 GREEN AVENUE,AMRITSAR,PUNJAB,Transplant Centre,Cornea,,
491,FAITH MULTISPECIALTY HOSPITAL,"NO.33/17,",CHENNAI,TAMIL NADU,Transplant Centre,Kidney,,
492,S L RAHEJA,S L RAHEJA,MUMBAI,MAHARASHTRA,Transplant Centre,"Liver, Kidney",,
493,MADURAI KIDNEY CENTRE AND TRI,6/6B2 Sivagangai Road,MADURAI,TAMIL NADU,Transplant Centre,Kidney,,
494,INDIRA GANDHI INSTITUTE OF MEDICAL SCIENCE PATNA,Sheikhpura,PATNA,BIHAR,Transplant Centre,"Cornea, Liver, Kidney",,
495,FORTIS HOSPITAL LUDHIANA,"Fortis Hospital, Mundian Kalan",LUDHIANA,PUNJAB,Transplant Centre,Kidney,,
496,JOHAL MULTISPECIALITY HOSPITAL,HOSHIARPUR ROAD,JALANDHAR,PUNJAB,Transplant Centre,Kidney,,
497,Y P MAHINDRU NIRAMAYA EYE BANK,560/1 Dayanand Colony,GURGAON,HARYANA,Tissue Bank,Cornea,,
498,TATA MEMORIAL HOSPITAL,Dr. Ernest Borges Road,MUMBAI,MAHARASHTRA,Tissue Bank,"Bone, Heart Valve, Skin",,
499,MOHAK HI TECH SPECIALITY HOSPITAL,INDORE UJJAIN STATE HIGHWAY,INDORE,MADHYA PRADESH,Transplant Centre,Kidney,,
500,CIVIL HOSPITAL AIZAWL,Dawrpui,AIZAWL,MIZORAM,Transplant Centre,Cornea,,
501,SUGAM HOSPITAL,"349,",THIRUVALLUR,TAMIL NADU,Transplant Centre,Kidney,,
502,NARAYANA HRUDAYALAYA LIMITED,"#258/A, Bommasandra Industrial Area, Anekal Taluk, Bangalore, Karnataka-560099",BANGALORE,KARNATAKA,Transplant Centre,"Heart, Heart Valve, Liver, Kidney, Lung",,
503,KING EDWARD MEMORIAL,"Sardar Moodliar Road,",PUNE,MAHARASHTRA,Transplant Centre,"Liver, Kidney",,
504,CARE HOSPITAL,"A.S.Raja Complex, Ramnagar",VISAKHAPATNAM,ANDHRA PRADESH,Transplant Centre,"Heart, Cornea, Liver, Liver, Kidney, Lung",,
505,SUNSHINE GLOBAL HOSPITAL,Beside big bazar,SURAT,GUJARAT,Retrieval Centre,"Heart, Heart Valve, Intestine, Pancreas, Skin, Cartilage, Cornea, Liver, Liver, Kidney, Lung",,
506,DIVISIONAL RAILWAY HOSPITAL PRATAPANAGAR VADODARA,"NEAR DRM OFFCE, PRATAPNAGAR, VADODARA",VADODARA,GUJARAT,Retrieval Centre,"Liver, Kidney",,
507,RHYTHM HEART INSTITUTE,Sama savali road,VADODARA,GUJARAT,Retrieval Centre,"Heart, Liver, Kidney",,
508,P P SAVANI HEART INSTITUTE AND MULTISPECIALITY HOS,&quot;MANSI&quot; NEAR SIDDHKUTIR TEMPLE,SURAT,GUJARAT,Retrieval Centre,"Heart, Heart Valve, Pancreas, Liver, Kidney, Lung",,
509,ASUTOSH MULTISPECIALITY HOSPITAL,Asutosh hospital,SURAT,GUJARAT,Retrieval Centre,"Heart, Bone, Heart Valve, Intestine, Pancreas, Skin, Cartilage, Cornea, Liver, Liver, Blood Vessels, Kidney, Lung",,
510,SHUKAN MULTISPECIALITY HOSPITAL AND TRAUMA CENTRE,Nr. Amit nagar Circle,VADODARA,GUJARAT,Retrieval Centre,Kidney,,
511,INSTITUTE OF NEUROSCIENCES SURAT,"Nr.Velantino Business Hub,Opp.Khatodara BRTS Bus Stand,Surat.",SURAT,GUJARAT,Retrieval Centre,"Heart, Bone, Heart Valve, Intestine, Pancreas, Skin, Cartilage, Cornea, Liver, Liver, Blood Vessels, Kidney, Lung",,
512,PUSHPAGIRI MEDICAL COLLEGE HOSPITAL THIRUVALLA,"Pushpagiri Medical College Hospital,Thiruvalla, Pathanamthitta",PATHANAMTHITTA,KERALA,Transplant Centre,Kidney,,
513,HEALTHWAY HOSPITALS PRIVATE LIMITED,"Healthway Hospitals Plot No 132/1 (Part), Ella Village, Kadamba Plateau",NORTH GOA,GOA,Transplant Centre,"Cornea, Kidney",,
514,SAHRUDAYA HEALTHCARE PVT LTD ASHOKA MEDICOVER HOS,"Survey No.113/2 A, plot No.2, Near Indira Nagar, Jogging Track, Vadala, Nashik 422009.",NASHIK,MAHARASHTRA,Transplant Centre,"Intestine, Pancreas, Liver, Kidney",,
515,SIR TAKHTASINHJI GENERAL HOSPITAL BHAVNAGAR,KALANALA,BHAVNAGAR,GUJARAT,Retrieval Centre,"Heart, Bone, Heart Valve, Intestine, Pancreas, Skin, Cartilage, Cornea, Liver, Liver, Blood Vessels, Kidney, Lung",,
516,NARAYANA HRUDAYALAYA LIMITED AHMEDABAD,OPPOSITE RAKHIAL POLICE STATION,AHMADABAD,GUJARAT,Transplant Centre,Kidney,,
517,MANIPAL HOSPITALS GOA,Manipal hospital,NORTH GOA,GOA,Transplant Centre,Kidney,,
518,SMT RASILABEN SEVANTILAL SHAH VENUS HOSPITAL,"NEAR LALDARWAJA FLYOVER,RING ROAD",SURAT,GUJARAT,Retrieval Centre,"Heart, Bone, Heart Valve, Intestine, Pancreas, Skin, Cartilage, Cornea, Liver, Liver, Blood Vessels, Kidney, Lung",,
519,FORTIS HOSPITAL LIMITED,"154/09, Opposite IIMB.",BANGALORE,KARNATAKA,Transplant Centre,"Heart, Heart Valve, Intestine, Liver, Liver, Kidney, Lung",,
520,PRASHANTH MULTI SPECIALITY HOSPITAL,"No 76,77, Harrington Road",CHENNAI,TAMIL NADU,Transplant Centre,Kidney,,
521,PDU HOSPITAL RAJKOT,"Hospital Chowk,Rajkot",RAJKOT,GUJARAT,Retrieval Centre,"Heart, Bone, Heart Valve, Intestine, Pancreas, Skin, Cartilage, Cornea, Liver, Blood Vessels, Kidney, Lung",,
522,RUBY HALL CLINIC WANOWARIE,"59/6, AZAD NAGAR,",PUNE,MAHARASHTRA,Transplant Centre,"Liver, Kidney",,
523,CIVIL HOSPITAL AHMEDABAD,ASARWA,AHMADABAD,GUJARAT,Retrieval Centre,"Heart, Bone, Heart Valve, Intestine, Pancreas, Cartilage, Cornea, Liver, Liver, Blood Vessels, Kidney, Lung",,
524,HN RELIANCE FOUNDATION HOSPITAL,"Sir H.N. Reliance Foundation Hospital &amp; Research Center, Gordhanbappa Chowk",MUMBAI,MAHARASHTRA,Transplant Centre,"Heart, Intestine, Pancreas, Liver, Kidney, Lung",,
525,MEDANTA LUCKNOW,"Sector-A,Pocket-1,Sushant Golf City",LUCKNOW,UTTAR PRADESH,Transplant Centre,"Liver, Kidney",,
526,COSMOPOLITAN HOSPITALS,Murinjapalam,THIRUVANANTHAPURAM,KERALA,Transplant Centre,Kidney,,
527,KEJAL LIFEIN MULTISPECIALITY HOSPITAL,NH. 8 Opp. Swaminarayan Tample,-,GUJARAT,Retrieval Centre,"Heart, Pancreas, Cornea, Liver, Kidney, Lung",,
528,MITRA EYE HOSPITAL,Main road new patel nagar Phagwara,KAPURTHALA,PUNJAB,Transplant Centre,Cornea,,
529,DAHIYA HOSPITAL,"OLD D.C. ROAD,",SONIPAT,HARYANA,Transplant Centre,Cornea,,
530,HARSHITHA HOSPITALS PVT LTD,"R.S.128/1A,B,C, 129/3B",MADURAI,TAMIL NADU,Transplant Centre,Kidney,,
531,CANCER INSTITUTE WIA,"No:38, Sardar Patel Road,",CHENNAI,TAMIL NADU,Tissue Bank,Bone,,
532,MANIPAL HOSPITALS JAIPUR A UNIT OF MHEPL,Vdhyadhar Nagar,JAIPUR,RAJASTHAN,Transplant Centre,Kidney,,
533,CLEARMEDI RADIANT HOSPITAL MYSORE,"No.2, C-1, A-1 Block",MYSORE,KARNATAKA,Transplant Centre,Kidney,,
534,STAR PINNACLE HEART CENTER PVT LTD,"PLOT NO 10,11&amp;12",VISAKHAPATNAM,ANDHRA PRADESH,Transplant Centre,Heart,,
535,RUKMANI BIRLA HOSPITAL A UNIT OF CMRI,"Near Triveni Flyover, Gopalpura Bypass Rd",JAIPUR,RAJASTHAN,Transplant Centre,"Heart, Kidney",,
536,DAKSH NETRALAYA,"First Floor, Omega children's Hospital, Golbazar",JABALPUR,MADHYA PRADESH,Transplant Centre,Cornea,,
537,ARNEJA INSTITUTE OF CARDIOLOGY PVT LTD,Ramdaspeth,NAGPUR,MAHARASHTRA,Transplant Centre,"Heart, Kidney",,
538,SUM ULTIMATE MEDICARE,PLOT NO-C/6,KHORDHA,ORISSA,Transplant Centre,Kidney,,
539,UNITY TRAUMA CENTER AND ICU,"NEAR D.R WORLD, OPP. RAGHUVIR BUSINESS EMPIRE",SURAT,GUJARAT,Retrieval Centre,"Heart, Pancreas, Cornea, Liver, Kidney, Lung",,
540,PEOPLE TREE HOSPITALS BANGALORE,#2 TUMKUR ROAD GORAGUNTEPALYA YESHWANTHPUR BANGALORE,BANGALORE,KARNATAKA,Transplant Centre,Kidney,,
541,BABY MEMORIAL HOSPITAL,I G Road,KOZHIKODE,KERALA,Transplant Centre,"Liver, Kidney",,
542,TRINITY NURSING HOME PVT LTD,NO 33,CHENNAI,TAMIL NADU,Transplant Centre,Kidney,,
543,INDIRA GANDHI EYE HOSPITAL AND RESEARCH CENTRE,"Sector - 62,",GURGAON,HARYANA,Tissue Bank,Cornea,,
544,NIHAR NETRALAYA,"3, Gulab Park Colony, Mahesh Nagar",INDORE,MADHYA PRADESH,Transplant Centre,Cornea,,
545,BREACH CANDY HOSPITALTRUST,60-A,MUMBAI,MAHARASHTRA,Transplant Centre,Kidney,,
546,BIG APOLLO SPECTRA HOSPITAL,Sheetla Mandir Road,PATNA,BIHAR,Transplant Centre,Kidney,,
547,RELIANCE HOSPITAL KOPARKHAIRNE NAVI MUMBAI,"opp koparkhairane station,MIDC Navi Mumbai",THANE,MAHARASHTRA,Transplant Centre,Kidney,,
548,ROHIT EYE HOSPITAL AND CHILD CARE CENTRE,E-1 HIG main Road Near LIG Square,INDORE,MADHYA PRADESH,Transplant Centre,Cornea,,
549,BHARATI HOSPITAL SANGLI,Wanlesswadi,SANGLI,MAHARASHTRA,Transplant Centre,Kidney,,
550,NIRMALHOSPITYAL,RING ROAD,SURAT,GUJARAT,Retrieval Centre,"Heart, Pancreas, Cornea, Liver, Kidney, Lung",,
551,RJN APOLLO SPECTRA HOSPITAL GWALIOR,18 Vikas Nagar Near sai baba mandir Gwaior,GWALIOR,MADHYA PRADESH,Transplant Centre,Kidney,,
552,DR VIKHE PATIL MEMORIAL HOSPITAL AHMEDNAGAR,"Vilad Ghat, Ahmednagar",AHMADNAGAR,MAHARASHTRA,Transplant Centre,"Liver, Kidney",,
553,ASIAN INSTITUTE OF MEDICAL SCIENCES,"PLOT NO P-72,MILAP NAGAR, MIDC, DOMBIVLI",THANE,MAHARASHTRA,Transplant Centre,"Cornea, Kidney",,
554,UNITED GREEN HOSPITAL,"Green Atria, Beside Silver park society",SURAT,GUJARAT,Retrieval Centre,"Heart, Pancreas, Cornea, Liver, Kidney, Lung",,
555,SURAT INSTITUTE OF MEDICAL SCIENCE LLP,BESIDE MODH VANIK VADI,SURAT,GUJARAT,Retrieval Centre,"Heart, Bone, Heart Valve, Intestine, Pancreas, Skin, Cartilage, Cornea, Liver, Blood Vessels, Kidney, Lung",,
556,SDM HOSPITAL DHARWAD,"Sattur, Dharwad",DHARWAD,KARNATAKA,Transplant Centre,Kidney,,https://sdmucmsh.edu.in
557,CHIRAYU HOSPITAL,"OPP GESCOM, COURT ROAD KALABURGI",GULBARGA,KARNATAKA,Transplant Centre,Kidney,,
558,FORTIS HEALTHCARE,"23/1, Arcot Road",CHENNAI,TAMIL NADU,Transplant Centre,"Heart, Intestine, Liver, Kidney, Lung",,
559,KAUVERY HOSPITAL SALEM,"9/50, Trichy Main Rd, Opp.to Chandra Mahal, M G R Nagar",SALEM,TAMIL NADU,Transplant Centre,"Liver, Kidney",,
560,NIRWANA NETRALAYA,"NEAR SAI BABA MANDIR, MAA TARA CHANDI ROAD, ATHKHAMBHWA, SASARAM",ROHTAS,BIHAR,Tissue Bank,Cornea,,
561,SAIFEE HOSPITAL,"POST BOX NO. 3771, 15 / 17",MUMBAI,MAHARASHTRA,Transplant Centre,Kidney,,
562,APOLLO SPECIALITY HOSPITALS MADURAI,Lake View Road;K.K.Nagar,MADURAI,TAMIL NADU,Transplant Centre,"Liver, Kidney",,
563,NARAYANA HRUDAYALAYA SURGICAL HOSPITALS PVT LTD,NARAYANA HRUDAYALAYA,MYSORE,KARNATAKA,Transplant Centre,Kidney,,
564,AADHAR HEALTHCARE INSITITUTE,Near Southbypass crossing,HISAR,HARYANA,Transplant Centre,Kidney,,
565,FATHER MULLER MEDICAL COLLEGE HOSPITAL,Kankanady,DAKSHINA KANNADA,KARNATAKA,Transplant Centre,"Liver, Kidney",,
566,MANISH EYE INSTITUTE,"301-307, 3RD FLOOR, PENTAGON BUILDING, NR. MAHALAXMI FIVE ROAD",AHMADABAD,GUJARAT,Transplant Centre,Cornea,,
567,MAITREYA MEDICARE PVT LTD,"Opp. Nexa Shoe room, Someshwar Circlel",SURAT,GUJARAT,Retrieval Centre,"Heart, Pancreas, Cornea, Liver, Kidney, Lung",,
568,VISHESH JUPITER HOSPITAL,Teen Imli Square chitawad,INDORE,MADHYA PRADESH,Transplant Centre,"Liver, Kidney",,
569,SAHARA HOSPITAL,"VIRAJ KHAND, GOMTI NAGAR ,LUCKNOW",LUCKNOW,UTTAR PRADESH,Transplant Centre,Kidney,,
570,BHAGWAN DAS HOSPITAL,"BLOCK-E, SECTOR-18, OMAXE CITY, SONIPAT, HARYANA",SONIPAT,HARYANA,Transplant Centre,Kidney,,
571,BJ WADIA HOSPITAL FOR CHILDREN,"Acharya Done Marg,",MUMBAI,MAHARASHTRA,Transplant Centre,"Skin, Liver, Kidney",,
572,HINDU MISSION HOSPITAL,"103,GST ROAD",CHENNAI,TAMIL NADU,Transplant Centre,"Heart, Cornea, Liver, Kidney, Lung",,
573,DIVINE LIFE HOSPITAL MANAGED BY MEDIAID HEALTHCARE,WARD NO 2A POST OFFICE ROAD NEAR GANDHI SAMADHI,KACHCHH,GUJARAT,Retrieval Centre,"Heart, Bone, Heart Valve, Intestine, Pancreas, Skin, Cartilage, Cornea, Liver, Blood Vessels, Kidney, Lung",,
574,NARUVI HOSPITALS,"collector office road, banglore-chennai highway",VELLORE,TAMIL NADU,Transplant Centre,"Heart, Liver, Kidney",,
575,P P MANIYA HOSPITAL,PPMANIYA HOSPITAL,SURAT,GUJARAT,Retrieval Centre,"Heart, Intestine, Pancreas, Cornea, Liver, Kidney, Lung",,
576,SPANDAN MULTISPECIALITY HOSPITAL,"Municipal Corporation, Sindhwai Mata Road Beside Ward Office No: 4, Manjalpur, Vadodara, Gujarat 390",VADODARA,GUJARAT,Retrieval Centre,"Heart, Bone, Heart Valve, Intestine, Pancreas, Skin, Cartilage, Cornea, Liver, Blood Vessels, Kidney, Lung",,
577,SGT MEDICAL COLLEGE HOSPITAL AND RESEARCH INSTIUTE,Gurugram - Badli Road,GURGAON,HARYANA,Tissue Bank,Cornea,,
578,EPIC HOSPITAL,"Opp. Pandit Dindayal Upadhyay Hall, Behind Rajpath Club, Rajpath Rangoli Road, off S. G. Highway, Bo",AHMADABAD,GUJARAT,Transplant Centre,Heart,,
579,IGMC SHIMLA,IGMC SHIMLA,SHIMLA,HIMACHAL PRADESH,Transplant Centre,"Cornea, Kidney",,
580,CHARAK HOSPITAL AND RESEARCH CENTRE,Dubagga,LUCKNOW,UTTAR PRADESH,Transplant Centre,Kidney,,
581,C U SHAH MEDICAL COLLEGE AND HOSPITAL,Surendranagar,SURENDRANAGAR,GUJARAT,Retrieval Centre,"Heart, Bone, Heart Valve, Intestine, Pancreas, Skin, Cartilage, Cornea, Liver, Blood Vessels, Kidney, Lung",,
582,APOLLO ADLUX HOSPITAL,Adlux Medicity &amp; Convention centre Pvt Ltd,ERNAKULAM,KERALA,Transplant Centre,"Heart, Lung",,
583,MEDICOVER HOSPITALS AURANGABAD,Aurangabad,AURANGABAD,MAHARASHTRA,Transplant Centre,Kidney,,
584,MIT HOSPITAL AND RESEARCH INSTITUTE,N-4 CIDCO Aurangabad,AURANGABAD,MAHARASHTRA,Transplant Centre,Kidney,,
585,AMRUTA HOSPITAL,Raj Complex,SURAT,GUJARAT,Retrieval Centre,"Heart, Bone, Heart Valve, Intestine, Pancreas, Skin, Cartilage, Cornea, Liver, Blood Vessels, Kidney, Lung",,
586,KUMARAN MEDICAL CENTER,"499/500SATHY ROAD, KURUMBAPALAYAM",COIMBATORE,TAMIL NADU,Transplant Centre,"Liver, Kidney",,
587,SAKRA WORLD HOSPITAL,"52/2; Deverabeesanahalli, Varthur Hobli, Bangalore 560 103.",BANGALORE,KARNATAKA,Transplant Centre,"Heart, Heart Valve, Liver, Kidney, Lung",,
588,MAEER'S VISHWARAJ HOSPITAL,Loni Kalbhor,PUNE,MAHARASHTRA,Transplant Centre,Kidney,,
589,KMC HOSPITAL AMBEDKAR CIRCLE MANGALURU,KMC HOSPITAL AMBEDKAR CIRCLE MANGALURU,DAKSHINA KANNADA,KARNATAKA,Transplant Centre,"Liver, Kidney",,
590,PATAN JANTA HOSPITAL,SARDAR ROAD,PATAN,GUJARAT,Retrieval Centre,"Heart, Bone, Heart Valve, Intestine, Pancreas, Skin, Cartilage, Cornea, Liver, Blood Vessels, Kidney, Lung",,
591,NEW CIVIL HOSPITAL SURAT,"Majura Gate, Surat",SURAT,GUJARAT,Retrieval Centre,"Heart, Bone, Heart Valve, Intestine, Pancreas, Skin, Cartilage, Cornea, Liver, Blood Vessels, Kidney, Lung",,
592,GOKUL HOSPITAL MANAGED BY GOKUL LIFECARE PVT LTD,"12/14, MANHAR PLOT VIDHYANAGAR MAIN ROAD, RAJKOT",RAJKOT,GUJARAT,Retrieval Centre,"Heart, Bone, Heart Valve, Intestine, Pancreas, Skin, Cartilage, Cornea, Liver, Blood Vessels, Kidney, Lung",,
593,ORIION CITICARE SUPER SPECIALITY HOSPITAL,5/5/70 NEAR KALASH MANGAL KARYALAYA,AURANGABAD,MAHARASHTRA,Transplant Centre,Kidney,,
594,AAIHMS SUPER SPECIALITY HOSPITAL,"B/S SMVS SWAMINARAYAN TEMPLE, OPP. KIRAN DIAMOND,",SURAT,GUJARAT,Retrieval Centre,"Heart, Pancreas, Cornea, Liver, Kidney, Lung",,
595,PARUL SEVASHRAM HOSPITAL,"AT &amp; PO: LIMDA, TA: WAGHODIA",VADODARA,GUJARAT,Transplant Centre,Kidney,,
596,SATNAM HOSPITAL,"AKSHAR MARG, INDRAPRASTHNAGAR, OPP. SWAMINARAYAN TEMPLE",RAJKOT,GUJARAT,Retrieval Centre,"Heart, Bone, Heart Valve, Intestine, Pancreas, Skin, Cartilage, Cornea, Liver, Kidney, Lung",,
597,ISHWAR EYE CENTRE LLP,"926, VIJAY PARK",ROHTAK,HARYANA,Transplant Centre,Cornea,,
598,ACE HOSPITAL,32/2A erandwane near mehandle garage,PUNE,MAHARASHTRA,Transplant Centre,Kidney,,
599,MEDANTA SUPERSPECIALITY HOSPITAL INDORE,"Plot No 8, PU4, Scheme No. 54",INDORE,MADHYA PRADESH,Transplant Centre,"Heart, Liver, Kidney",,
600,NOVO TISSUE BANK AND RESEARCH CENTRE,"Ground floor, Anita Apartments",MUMBAI,MAHARASHTRA,Tissue Bank,"Bone, Heart Valve, Skin, Cartilage, Blood Vessels",,
601,GCS MEDICAL COLLEGE HOSPITAL AND RESEARCH CENTRE,"Opp DRM Office, Near Chamunda Bridge",AHMADABAD,GUJARAT,Transplant Centre,Kidney,,
602,ALL INDIA INSTITUTE OF MEDICAL SCIENCES BHOPAL,"Saket Nagar, Bhopal",-,MADHYA PRADESH,Transplant Centre,"Heart, Cornea, Kidney, Lung",,
603,PRS HOSPITAL PVT LTD,Killipalam,THIRUVANANTHAPURAM,KERALA,Transplant Centre,Kidney,,
604,AASTHA KIDNEY AND GENERAL HOSPITAL,"2-D-1,",GANGANAGAR,RAJASTHAN,Transplant Centre,Kidney,,
605,UNMICRC,Civil Hospital,AHMADABAD,GUJARAT,Transplant Centre,"Heart, Lung",,
606,PATNA MEDICAL COLLEGE AND HOSPITAL,"ASHOK RAJPATH, BANKIPORE",PATNA,BIHAR,Transplant Centre,Cornea,,
607,BADERIA METRO PRIME,"Kuchaini Parishar, Damoh Naka",JABALPUR,MADHYA PRADESH,Transplant Centre,Kidney,,
608,CHRIST HOSPITAL,Madhapar,RAJKOT,GUJARAT,Retrieval Centre,"Heart, Bone, Heart Valve, Intestine, Pancreas, Skin, Cartilage, Cornea, Liver, Blood Vessels, Kidney, Lung",,
609,STERLING RAM KRISHNA SPECIALITY HOSPITAL,PLOT HEALTH CENTRE 10 B 'C',KACHCHH,GUJARAT,Retrieval Centre,"Heart, Bone, Heart Valve, Intestine, Pancreas, Skin, Cartilage, Cornea, Liver, Blood Vessels, Kidney, Lung",,
610,SATASIA SURGICAL HOSPITAL,"2ND FLOOR,UNIQUE PLAZA COMPLEX",JUNAGADH,GUJARAT,Retrieval Centre,"Heart, Intestine, Skin, Cornea, Liver, Kidney",,
611,SARTHAK HOSPITAL AND ICU,"3RD floor,ambition plus,raj nagar chowk",RAJKOT,GUJARAT,Retrieval Centre,"Heart, Cornea, Liver, Kidney",,
612,TENDER PALM HOSPITAL,Sec-7 Gomtinagar Extension Amar Shaheed Path Lucknow,LUCKNOW,UTTAR PRADESH,Transplant Centre,Kidney,,
613,SUSHRUT HOSPITAL AND RESEARCH CENTRE,"365, SWASTIK PARK",MUMBAI SUBURBAN,MAHARASHTRA,Transplant Centre,Kidney,,
614,AASHTHA ICU,Desai Vago,KHEDA,GUJARAT,Retrieval Centre,"Heart, Bone, Heart Valve, Intestine, Pancreas, Skin, Cartilage, Cornea, Liver, Blood Vessels, Kidney",,
615,GHC HOSPITALS,Thane Shil Road,THANE,MAHARASHTRA,Transplant Centre,"Heart, Kidney, Lung",,
616,QRG MEDICARE LTD,Plot no.1,FARIDABAD,HARYANA,Transplant Centre,"Heart, Liver, Kidney",,
617,SHRI B D MEHTA MAHAVIR HEART INSTITUTE,Athwagate,SURAT,GUJARAT,Transplant Centre,"Heart, Lung",,
618,KRISHNA INSTITUTE OF MEDICAL SCIENCES KARAD,Malkapur,SATARA,MAHARASHTRA,Transplant Centre,"Cornea, Liver, Kidney",,
619,MANIPAL HOSPITALS,Kirloskar Business Park,BANGALORE,KARNATAKA,Transplant Centre,Kidney,,
620,MANIPAL HOSPITAL MILLERS ROAD,"71/1,",BANGALORE,KARNATAKA,Transplant Centre,"Heart, Liver, Kidney",,
621,PRAKRIYA HOSPITIALS,"No.41 Rajareddy Layout, 8Th Mile, Tumkur Rd,Nagasandra, Bengaluru, Karnataka",BANGALORE,KARNATAKA,Transplant Centre,"Liver, Kidney",,
622,PRECISION UROLOGY HOSPITAL,652B/37 Pratap nagar,LUCKNOW,UTTAR PRADESH,Transplant Centre,Kidney,,
623,ACCORD SUPERSPECIALTY HOSPITAL,Sector-86,FARIDABAD,HARYANA,Transplant Centre,Kidney,,
624,Shalby International Hospital,Golf Course road,GURGAON,HARYANA,Transplant Centre,"Liver, Kidney",,
625,GMERS GENERAL HOSPITAL,Near Majevadi Gate,JUNAGADH,GUJARAT,Retrieval Centre,"Heart, Bone, Heart Valve, Intestine, Pancreas, Skin, Cartilage, Cornea, Liver, Blood Vessels, Kidney, Lung",,
626,Ramkrishna Care Medical Science Pvt. Ltd.,"Aurobindo Enclave, Pachpedi Naka",RAIPUR,CHHATTISGARH,Transplant Centre,"Heart, Liver, Kidney",,
627,M S RAMAIAH MEMORIAL HOSPITAL,NEW BEL ROAD MSRIT POST,BANGALORE,KARNATAKA,Transplant Centre,"Pancreas, Liver, Kidney",,
628,SUGUNA HOSPITAL,"1A/87, 4TH N BLOCK, DR RAJKUMAR ROAD, RAJAJINAGAR",BANGALORE,KARNATAKA,Transplant Centre,Kidney,,
629,SHREE MEDISHINE HOSPITAL,New Rajendra Nagar,RAIPUR,CHHATTISGARH,Transplant Centre,Kidney,,
630,MANIPAL HOSPITAL,"SURVEY NO 10P&amp;12P,Ramagondanahalli village ,varthur hobli, Whitefield",BANGALORE,KARNATAKA,Transplant Centre,"Liver, Kidney",,
631,SHRI BALAJI INSTITUTE OF MEDICAL SCIENCE,ekta chowk dubey colony mowa raipur,RAIPUR,CHHATTISGARH,Transplant Centre,"Liver, Kidney",,
632,PP MANIYA HOSPITAL PRIVATE LIMITED,NEAR MAMATA PARK SOCIETY 1 OPP DHARUKA COLLEGE KAPODRA VARACHHA MAIN ROAD SURAT,SURAT,GUJARAT,Retrieval Centre,"Heart, Pancreas, Cornea, Liver, Kidney, Lung",,
633,PUSHPANJALI HOSPITAL AND RESEARCH CENTRE PVT LTD,"Delhi Gate,Agra",AGRA,UTTAR PRADESH,Transplant Centre,Kidney,,
634,RAMKRISHNA PARAMHANSA HOSPITAL,At &amp; post - kalali,VADODARA,GUJARAT,Retrieval Centre,"Heart, Bone, Heart Valve, Intestine, Pancreas, Skin, Cartilage, Cornea, Liver, Blood Vessels, Kidney, Lung",,
635,UNIQUE HOSPITAL AND ICU,5 th floor raj sanskruti complex,JAMNAGAR,GUJARAT,Retrieval Centre,"Heart, Heart Valve, Liver, Kidney, Lung",,
636,GEETANJALI MEDICAL COLLEGE AND HOSPITAL,"NH-8 Bypass, Eklingpura Chauraha",UDAIPUR,RAJASTHAN,Transplant Centre,Heart,,
637,GANGA MATA CHERITABLE EYE HOSPITAL,SAPTRISHI LINK ROAD,-,UTTARAKHAND,Transplant Centre,Cornea,,
638,INS PLUS MED HOSPITAL LLP,SANDHKUVA,-,GUJARAT,Retrieval Centre,"Heart, Intestine, Pancreas, Cornea, Liver, Kidney, Lung",,
639,MAHARAJA AGRASEN HOSPITAL,West Punjabi Bagh,WEST,DELHI (UT),Transplant Centre,Kidney,,
640,SIR GANGA RAM HOSPITAL,Old Rajinder Nagar,NEW DELHI,DELHI (UT),Transplant Centre,"Heart, Intestine, Cornea, Liver, Kidney, Lung",,
641,SUYASH HOSPITAL,Gudhiyari Road,RAIPUR,CHHATTISGARH,Transplant Centre,Kidney,,
642,APEX MULTISPECIALITY TRAUMA CENTRE BHARUCH,adarsh market panch batti station road,BHARUCH,GUJARAT,Retrieval Centre,"Heart, Intestine, Pancreas, Cornea, Liver, Kidney, Lung",,
643,MANIPAL HOSPITAL PATIALA,5 Sham Bagh,PATIALA,PUNJAB,Transplant Centre,Kidney,,
644,SHPL SAHYADRI SUPER SPECIALITY HOSPITAL HADAPSAR,"S. No. 163A/1A/26A, 163A/1A/5, 163A/1A/21, NEAR HADAPSAR POST OFFICE, BHOSALE GARDEN, HADAPS",PUNE,MAHARASHTRA,Transplant Centre,"Pancreas, Liver, Kidney",,
645,SHREE NARAYANA HOSPITAL,"Near Ganj Mandi, Behind Sector 5",RAIPUR,CHHATTISGARH,Transplant Centre,"Bone, Skin, Kidney",,
646,SVPIMSR,Ellisbridge,AHMADABAD,GUJARAT,Retrieval Centre,"Heart, Bone, Heart Valve, Intestine, Pancreas, Skin, Cartilage, Cornea, Liver, Blood Vessels, Kidney, Lung",,
647,RIDDHI VINAYAK MULTISPECIALITY HOSPITAL,Plot no 302 behind railway crashed,THANE,MAHARASHTRA,Transplant Centre,"Heart, Kidney, Lung",,
648,SHRI NEELKANTH MULTISPECIALITY HOSPITAL,"C/22, MANAV MANDIR SOCIETY, OPP. PANIGATE WATER TANK, WAGHODIA MAIN ROAD, VADODARA",VADODARA,GUJARAT,Retrieval Centre,"Heart, Bone, Heart Valve, Intestine, Pancreas, Skin, Cartilage, Cornea, Liver, Blood Vessels, Kidney, Lung",,
649,MANIPAL HOSPITALS PALAM VIHAR GURUGRAM,Block -F Near Gol Chakkar palam vihar Manipal Hospital Gurugram 122017,GURGAON,HARYANA,Transplant Centre,Kidney,,
650,KKPATEL SUPER SPECIALITY HOSPITAL,"Near Kutch University, Mundra Road, Bhuj, Kachchh, Gujarat - 370001",KACHCHH,GUJARAT,Retrieval Centre,"Heart, Bone, Heart Valve, Intestine, Pancreas, Skin, Cartilage, Cornea, Liver, Blood Vessels, Kidney, Lung",,
651,MEDICOVER HOSPITALS NAVI MUMBAI,"Plot no 1, Sector 10, opposite Elite Enclave CHS ,near Bank of India,Kharghar ,Navi Mumbai,Panvel -",RAIGARH,MAHARASHTRA,Transplant Centre,"Intestine, Pancreas, Liver, Kidney",,
652,MMPJ HOSPITAL,Bhuj Mundra Road,KACHCHH,GUJARAT,Retrieval Centre,"Liver, Kidney",,
653,VY INSTITUTE OF MEDICAL SCIENCE PVT LTD,Near Sector 12 Kamal Vihar,RAIPUR,CHHATTISGARH,Transplant Centre,Kidney,,
654,MGM MEDICAL COLLEGE HOSPITAL KAMOTHE,Plot no1&amp;2,RAIGARH,MAHARASHTRA,Transplant Centre,Kidney,,
655,YATHARTH HOSPITAL AND TRAUMA CARE SERVICES PVT LTD,"OMEGA 1,GREATER NOIDA",GAUTAM BUDDHA NAGAR,UTTAR PRADESH,Transplant Centre,Kidney,,
656,AIIMS NAGPUR,"Plot no 2, Sector 20, Mihan Nagpur maharastra India-441108",NAGPUR,MAHARASHTRA,Transplant Centre,"Heart, Cornea, Liver, Kidney",,
657,PRADYUMNA BAL MEMORIAL HOSPITAL KIMS BBSR,KUSHABHADRA CAMPUS-5,KHORDHA,ORISSA,Transplant Centre,"Liver, Kidney",,
658,APOLLO HOSPITALS BILASPUR,Linghiyadhi Bilaspur,BILASPUR,CHHATTISGARH,Transplant Centre,Kidney,,
659,BAPS PRAMUKH SWAMI HOSPITAL,"Shri Pramukh Swami Maharaj Marg, Adajan Char Rasta",SURAT,GUJARAT,Retrieval Centre,"Heart, Intestine, Pancreas, Cornea, Liver, Kidney, Lung",,
660,ALL INDIA INSTITUTE OF MEDICAL SCIENCES RAIPUR,"GE ROAD,TATIBANDH",RAIPUR,CHHATTISGARH,Transplant Centre,"Heart, Cornea, Kidney",,
661,KALDA BURN AND PLASTIC SURGERY CENTRE,"Near Colours Mall, Pachpedi Naka,Dhamtari Road ,Raipur",RAIPUR,CHHATTISGARH,Tissue Bank,Skin,,
662,YEENPOYA MEDICAL COLLEGE HOSPITAL,UNIVERSITY ROAD DERALAKATTE MANGALORE,DAKSHINA KANNADA,KARNATAKA,Transplant Centre,Kidney,,
663,MILITARY HOSPITAL BATHINDA PUNJAB,Bathinda cantt,BATHINDA,PUNJAB,Retrieval Centre,Cornea,,
664,KOKILABEN DHIRUBHAI AMBANI HOSPITAL NAVI MUMBAI,Plot No . X8 &amp; X8/1,THANE,MAHARASHTRA,Transplant Centre,"Liver, Kidney",,
665,YASHODA INSTITUTE OF MEDICAL SCIENCE AND R C VJP,"102/2B,Solapur Bypass Junction Bhutnal Vijayapur",BIJAPUR,KARNATAKA,Transplant Centre,Kidney,,
666,HEALTH ONE SUPER SPECIALITY HOSPITAL,Near Venetian Villa,AHMADABAD,GUJARAT,Transplant Centre,"Liver, Kidney",,
667,BHARATI HOSPITAL AND RESEARCH CENTER,Dhankwadi,PUNE,MAHARASHTRA,Transplant Centre,Kidney,,
668,SHREE NAMAN HEALTHCARE PVT LTD,SV Road Kandivali West,MUMBAI,MAHARASHTRA,Transplant Centre,Kidney,,
669,CRITICARE ASIA,Kurla Kohinoor City,MUMBAI,MAHARASHTRA,Transplant Centre,Kidney,,
670,JAWAHARLAL NEHRU INSTITUTE OF MEDICAL SCIENCES,POROMPAT,IMPHAL EAST,MANIPUR,Transplant Centre,"Cornea, Kidney",,
671,SAL HOPSITAL AND MEDICAL INSTITUTE,"opp.doordarshan Drive in road,",AHMADABAD,GUJARAT,Transplant Centre,Kidney,,
672,BHOPAL MEMORIAL HOSPITAL AND RESEARCH CENTRE,"Raisen Bypass Road, Near Karond Chouraha",-,MADHYA PRADESH,Tissue Bank,Cornea,,
673,GREATER KAILASH HOSPITALS PVT LTD,11/2 Old Palasia,INDORE,MADHYA PRADESH,Transplant Centre,"Cornea, Kidney",,
674,FORTIS HOSPITAL MOHALI,"Phase VIII,Sector 62",SAHIBZADA AJIT SINGH NAGAR,PUNJAB,Transplant Centre,"Heart, Pancreas, Liver, Kidney, Lung",,
675,SRI AUROBINDO INSTITUTE OF MEDICAL SCIENCES,Indore-Ujjain State Highway,INDORE,MADHYA PRADESH,Transplant Centre,"Cornea, Liver, Kidney",,
676,PVS MEMORIAL HOSPITAL LTD,KALOOR,ERNAKULAM,KERALA,Transplant Centre,"Liver, Kidney",,
677,SGHS HOSPITAL MOHALI,"sector-77, Sohana",SAHIBZADA AJIT SINGH NAGAR,PUNJAB,Transplant Centre,"Cornea, Kidney",,
678,HERITAGE INSTITUTE OF MEDICAL SCIENCES,"NH-2 GT Road, Bypass, Bhadwar",VARANASI,UTTAR PRADESH,Transplant Centre,Kidney,,
679,MGM MEDICAL COLLEGE AND HOSPITAL AURANGABAD,N-6 CIDCO AURANGABAD,AURANGABAD,MAHARASHTRA,Transplant Centre,"Liver, Liver, Kidney",,
680,ASIAN KIDNEY HOSPITAL AND MEDICAL CENTRE,"213, WHC ROAD, DHARAMPETH",NAGPUR,MAHARASHTRA,Transplant Centre,Kidney,,
681,CHHATRAPATI SHIVAJI SUBHARTI HOSPITAL,"SUBHARTI PURAM, NH-58, DELHI-HARIDWAR, BY PASS ROAD MEERUT-250005",MEERUT,UTTAR PRADESH,Transplant Centre,"Cornea, Kidney",,
682,MEDANTA THE MEDICITY,"Sector - 38, Gurgaon",GURGAON,HARYANA,Transplant Centre,"Heart, Intestine, Pancreas, Cornea, Liver, Kidney, Hand, Lung",,
683,CIMS,"near Shukan Mall,",AHMADABAD,GUJARAT,Transplant Centre,"Heart, Liver, Kidney, Lung",,
684,GUJARAT KIDNEY SUPERSPECIALITY HOSPITAL VADODARA,New indiamill compound Jetalpur Road Vadodara Gujarat,VADODARA,GUJARAT,Transplant Centre,Kidney,,
685,GOKULHOSPITAL KUVADAVA ROAD,Gokul Hospital - Kuvadava Road,RAJKOT,GUJARAT,Retrieval Centre,"Heart, Bone, Heart Valve, Intestine, Pancreas, Skin, Cartilage, Cornea, Liver, Blood Vessels, Kidney, Lung",,
686,ZYDUS HOSPITAL VADODARA,"Old Padra Road, Near Akshar Chowk",VADODARA,GUJARAT,Transplant Centre,Kidney,,
687,SHANKUS HOSPITALS PRIVATE LIMITED BALIYASAN,B/H divine child school,MAHESANA,GUJARAT,Retrieval Centre,Kidney,,
688,SOHAM HOSPITAL AND MEDICAL FOUNDATION PVT LTD,"Archit Sai Avenue, behind Chaan Hotel",NASHIK,MAHARASHTRA,Transplant Centre,Kidney,,
689,SMIMER HOSPITAL,"BOMBEY MARKET ROAD, NEAR SAHARA DARWAJA",SURAT,GUJARAT,Retrieval Centre,"Heart, Bone, Heart Valve, Intestine, Pancreas, Skin, Cartilage, Cornea, Liver, Blood Vessels, Kidney, Lung",,
690,DKS POST GRADUATE INSTITUTE AND RESEARCH CENTRE,Ghadi chowk raipur,RAIPUR,CHHATTISGARH,Tissue Bank,Skin,,
691,ASG EYE HOSPITAL CARANZALEM GOA,"Dr Jack Sequeira road, above Audi showroom, Caranzalem Panaji Goa",NORTH GOA,GOA,Tissue Bank,Cornea,,
692,DR BHIM RAO AMBEDKAR HOSPITAL RAIPUR,"Jail road,raipur",RAIPUR,CHHATTISGARH,Transplant Centre,Cornea,,
693,GOVERNMENT INSTITUTE OF MEDICAL SCIENCES G NOIDA,Kasna Greater Noida,GAUTAM BUDDHA NAGAR,UTTAR PRADESH,Retrieval Centre,"Heart, Bone, Intestine, Pancreas, Skin, Cornea, Liver, Kidney, Lung",,
694,NKPSIMS AND RC AND LMH,Digdoh Hills,NAGPUR,MAHARASHTRA,Transplant Centre,Kidney,,
695,SURYA MOTHER CHILD SUPERSPECIALITY HOSPITAL PUNE,"SR NO 8 , BHUJBAL CHOWK , NEAR WAKAD OCTROI NAKA",PUNE,MAHARASHTRA,Transplant Centre,Kidney,,
696,COMMAND HOSPITAL NORTHERN COMMAND UDHAMPUR,"Udhampur, C/o 56 APO",UDHAMPUR,JAMMU & KASHMIR,Retrieval Centre,"Heart, Bone, Heart Valve, Intestine, Pancreas, Skin, Cartilage, Cornea, Liver, Blood Vessels, Kidney, Lung",,
697,MATHURA DAS MATHUR HOSPITAL,shastri nagar,JODHPUR,RAJASTHAN,Transplant Centre,Kidney,,
698,YASHODHARA SUPERSPECIALITY HOSP SOLAPUR UNIT II,"S.NO.102, PLOT H-1 HYDERABAD ROAD",SOLAPUR,MAHARASHTRA,Transplant Centre,Kidney,,
699,NINE PEARLS HEALTHCARE PVT LTD,"Plot No.1, Sr No:806/2A/3/102, Behind Chhan Hotel, Deepali Nagar, Near Mumbai Agra Highway, Nashik",NASHIK,MAHARASHTRA,Transplant Centre,Kidney,,
700,NALANDA MEDICAL COLLEGE AND HOSPITAL,AGAM KUAN,PATNA,BIHAR,Transplant Centre,Cornea,,
701,KIDNEY HOSPITAL AND LIFELINE MEDICAL INSTITUTIONS,63-64 WARYAM NAGAR,JALANDHAR,PUNJAB,Transplant Centre,Kidney,,
702,DAYANAND MEDICAL COLLEGE AND HOSPITAL,Tagore Nagar,LUDHIANA,PUNJAB,Transplant Centre,"Cornea, Liver, Kidney",,
703,BHAGYODAY MULTISPECIALITY HOSPITAL,Station Rd,MAHESANA,GUJARAT,Retrieval Centre,"Heart, Bone, Heart Valve, Intestine, Pancreas, Skin, Cartilage, Cornea, Liver, Blood Vessels, Kidney, Lung",,
704,XYZ HOSPITAL NOIDA,"CHHALLERA, SECTOR-44",GAUTAM BUDDHA NAGAR,UTTAR PRADESH,Transplant Centre,"Heart, Bone, Cornea",,
705,TMH JAMSHEDPUR,C ROAD WEST,PURBI SINGHBHUM,JHARKHAND,Transplant Centre,Kidney,,
706,LG HOSPITAL AHMEDABAD,KRISHNABAUGH CHARRASTA OPP ADANI CNG PUMP,AHMADABAD,GUJARAT,Retrieval Centre,"Heart, Bone, Heart Valve, Intestine, Pancreas, Skin, Cartilage, Cornea, Liver, Blood Vessels, Kidney, Lung",,
707,BIMS HOSPITAL,OPPOSITE SIR T HOSPITAL,BHAVNAGAR,GUJARAT,Retrieval Centre,"Heart, Bone, Heart Valve, Intestine, Pancreas, Skin, Cartilage, Cornea, Liver, Blood Vessels, Kidney, Lung",,
708,VISIONCARE EYE HOSPITAL,CHOUTALA ROAD,SIRSA,HARYANA,Transplant Centre,Cornea,,
709,ASIAN CITICARE SUPERSPECIALITY HOSPITAL AURANGABAD,Motiwala Square,AURANGABAD,MAHARASHTRA,Transplant Centre,Kidney,,
710,THOOTHUKUDI MEDICAL COLLEGE HOSPITAL,"Subbiah Puram, Thoothukudi,",THOOTHUKKUDI,TAMIL NADU,Retrieval Centre,"Heart, Bone, Heart Valve, Intestine, Pancreas, Skin, Cornea, Liver, Kidney, Lung",,
711,THANJAVUR GOVERNMENT MEDICAL COLLEGE AND HOSPITAL,"Medical College Road, Thanjavur",THANJAVUR,TAMIL NADU,Transplant Centre,"Cornea, Kidney",,
712,GOVERNMENT ERODE MEDICAL COLLEGE HOSPITAL,Government Erode Medical College and Hospital,ERODE,TAMIL NADU,Retrieval Centre,Cornea,,
713,OMEGA HOSPITAL AND ICU,"near HDFC , balaji hall",RAJKOT,GUJARAT,Retrieval Centre,"Heart, Bone, Heart Valve, Intestine, Pancreas, Skin, Cartilage, Cornea, Liver, Blood Vessels, Kidney, Lung",,
714,GOVERNMENT TIRUPPUR MEDICAL COLLEGE HOSPITAL,"26F,VELLIANGADU,TIRUPPUR",TIRUPPUR,TAMIL NADU,Retrieval Centre,Cornea,,
715,GOVERNMENT DHARMAPURI MEDICAL COLLEGE AND HOSPITAL,Dharmapuri medical College and Hospital Dharmapuri,DHARMAPURI,TAMIL NADU,Retrieval Centre,"Heart, Heart Valve, Cornea, Liver, Kidney, Lung",,
716,GOVT NAGAPATTINAM MEDICAL COLLEGE HOSPITAL,"Elancheran Nagar, Nagappattinam",NAGAPATTINAM,TAMIL NADU,Retrieval Centre,"Heart, Bone, Intestine, Pancreas, Skin, Cartilage, Cornea, Liver, Blood Vessels, Kidney, Lung",,
717,GOVERNMENT NAMAKKAL MEDICAL COLLEGE AND HOSPITAL,"Mohanur Road,Thillaipuram,Namakkal",NAMAKKAL,TAMIL NADU,Retrieval Centre,Cornea,,
718,GOVERNMENT VELLORE MEDICAL COLLEGE AND HOSPITAL,Adukkamparai,VELLORE,TAMIL NADU,Retrieval Centre,"Heart, Heart Valve, Cornea, Liver, Kidney",,
719,GOVERNMENT CUDDALORE MEDICAL COLLEGE AND HOSPITAL,"Chithambaram, Cuddalore District",CUDDALORE,TAMIL NADU,Retrieval Centre,"Heart, Bone, Heart Valve, Intestine, Pancreas, Skin, Cartilage, Cornea, Liver, Blood Vessels, Kidney, Lung",,
720,RAMANATHAPURAM GOVERNMENT MEDICAL COLLEGE HOSPIT,Chalai Bazar,RAMANATHAPURAM,TAMIL NADU,Retrieval Centre,"Heart, Bone, Heart Valve, Intestine, Pancreas, Skin, Cartilage, Cornea, Liver, Blood Vessels, Kidney, Lung",,
721,GOVERNMENT KRISHNAGIRI MEDICAL COLLEGE AND HOSPITA,Government Krishnagiri medical college and Hospital,KRISHNAGIRI,TAMIL NADU,Retrieval Centre,Cornea,,
722,GMC EYE BANK BHOPAL,Royal Market,-,MADHYA PRADESH,Tissue Bank,Cornea,,
723,PARAS HOSPITALS,"C-1,Sushantlok ,Phase-1,Gurgaon",GURGAON,HARYANA,Transplant Centre,"Liver, Kidney",,
724,CARE HOSPITAL NAGPUR,"3,FARMLAND PANCHSHEEL SQUARE",NAGPUR,MAHARASHTRA,Transplant Centre,Kidney,,
725,SRI GURU HARKRISHAN SAHIB C EYE HOSPITAL TRUST,"vill- Sohan,",SAHIBZADA AJIT SINGH NAGAR,PUNJAB,Transplant Centre,Cornea,,
726,FORTIS HOSPITAL LIMITED,NEELAM BATA ROAD,FARIDABAD,HARYANA,Transplant Centre,Kidney,,
727,IVY HEALTH AND LIFE SCIENCES PVT LTD,Sector 71,SAHIBZADA AJIT SINGH NAGAR,PUNJAB,Transplant Centre,Kidney,,
728,MAYO HEALTHCARE,sector 69,SAHIBZADA AJIT SINGH NAGAR,PUNJAB,Transplant Centre,Kidney,,
729,GOVERNMENT KARUR MEDICAL COLLEGE AND HOSPITAL,Gandhigrammam,KARUR,TAMIL NADU,Retrieval Centre,Cornea,,
730,GOVERNMENT SIVAGANGAI MEDICAL COLLEGE HOSPITAL,"Government sivagangai medical college hospital, sivagangai",SIVAGANGA,TAMIL NADU,Retrieval Centre,"Heart, Bone, Heart Valve, Intestine, Pancreas, Skin, Cartilage, Cornea, Liver, Blood Vessels, Kidney, Lung",,
731,ARTEMIS HOSPITAL,Sector-51,GURGAON,HARYANA,Transplant Centre,"Heart, Liver, Kidney, Lung",,
732,GOVERNMENT HEAD QUARTERS HOSPITAL,"Government Head Quarters Hospital, Virudhunagar",VIRUDHUNAGAR,TAMIL NADU,Retrieval Centre,"Heart, Bone, Heart Valve, Intestine, Pancreas, Skin, Cartilage, Cornea, Liver, Blood Vessels, Kidney, Lung",,
733,GOVERNMENT ARIYALUR MEDICAL COLLEGE AND HOSPITAL,"College Road, Government Medical College Hospital",ARIYALUR,TAMIL NADU,Retrieval Centre,Cornea,,
734,GOVERNMENT MEDICAL COLLEGE AND HOSPITAL PUDUKOTTAI,"Mullur Village, Thanjavur Road",PUDUKKOTTAI,TAMIL NADU,Retrieval Centre,"Heart, Heart Valve, Cornea, Liver, Kidney, Lung",,
735,BGM HOSPITAL,1/249 NEW NATHAM ROAD,MADURAI,TAMIL NADU,Transplant Centre,Kidney,,
736,CHENGALPATTU GOVERNMENT MEDICAL COLLEGE HOSPITAL,"SH58,Anna Nagar,Chengalpattu",KANCHEEPURAM,TAMIL NADU,Retrieval Centre,Cornea,,
737,GOVERNMENT VILUPPURAM MEDICAL COLLEGE HOSPITAL,"Mundiyampakkam village,viluppuram",VILUPPURAM,TAMIL NADU,Retrieval Centre,"Heart, Heart Valve, Cornea, Liver, Kidney, Lung",,
738,AASTHA KIDNEY AND SUPERSPECIALITY HOSPITAL,"B-20 , 1197/1, KRISHNA NAGAR",LUDHIANA,PUNJAB,Transplant Centre,Kidney,,
739,GOVERNMENT THIRUVALLUR MEDICAL COLLEGE HOSPITAL,"SH57,Kakkalur Road,Thiruvallur",THIRUVALLUR,TAMIL NADU,Retrieval Centre,Cornea,,
740,KRISHNA SPECIALITY HOSPITAL,"43/1, Vetrivel Nagar ,Goldwins",COIMBATORE,TAMIL NADU,Transplant Centre,Kidney,,
741,GOVERNMENT THIRUVANNAMALAI MEDICAL COLLEGE AND HOS,Outer ring road,TIRUVANNAMALAI,TAMIL NADU,Retrieval Centre,Cornea,,
742,GOVERNMENT KALLAKURICHI MEDICAL COLLEGE HOSPITAL,"48, Kallakurichi – Kachirapalayam Rd, Raja Nagar, Kallakurichi",VILUPPURAM,TAMIL NADU,Retrieval Centre,Cornea,,
743,GRACE KENNETT FOUNDATION HOSPITAL,"8,KENNETT ROAD",MADURAI,TAMIL NADU,Transplant Centre,Skin,,
744,PONRA MULTI SPECIALITY HOSPITAL,"NO.66G/3, VASANTHAM NAGAR",TIRUNELVELI,TAMIL NADU,Transplant Centre,Kidney,,
745,APOLLO EXCELCARE HOSPITAL,"Paschim Boragaon, Near Ganesh Mandir",KAMRUP METROPOLITAN,ASSAM,Transplant Centre,Kidney,,
746,GOVERNMENT MEDICAL COLLEGE HOSPITAL,"CMFC&#43;76R,INDUNAGAR,OOTY",THE NILGIRIS,TAMIL NADU,Retrieval Centre,Cornea,,
747,VIVEKANANDHA MEDICAL CARE HOSPITAL,"Elayampalayam, Namakkal main road",NAMAKKAL,TAMIL NADU,Transplant Centre,Kidney,,
748,GOVERNMENT MEDICAL COLLEGE HOSPITAL OMANDURAR,OMANDURAR GOVERNMENT ESTATE,CHENNAI,TAMIL NADU,Retrieval Centre,"Cornea, Liver, Kidney",,
749,SUMATHI HOSPITALS,334-A,MADURAI,TAMIL NADU,Transplant Centre,Kidney,,
750,KAUVERY HOSPITAL HOSUR,"35, Shanthi Nagar, Opp. CSI Church,",KRISHNAGIRI,TAMIL NADU,Transplant Centre,"Liver, Kidney",,
751,GOVERNMENT ARIYALUR MEDICAL COLLEGE HOSPITAL,"No. 1, College Road, Government Medical College Hospital, Ariyalur.",ARIYALUR,TAMIL NADU,Retrieval Centre,Cornea,,
752,PANJARI ORTHOCARE HOSPITAL,"Unique plaza complex, 4th floor Opposite Sangani neuro hospital Bypass road, Zanzarda Rd, Junagadh,",JUNAGADH,GUJARAT,Transplant Centre,"Heart, Intestine, Pancreas, Cartilage, Liver, Kidney, Lung",,
753,JEDAIAH STEVE HOSPITAL,"No 5, Subramaniapuram, 7th Street, South Extn, Karaikudi, Tamil Nadu 630002",SIVAGANGA,TAMIL NADU,Transplant Centre,Kidney,,
754,SPS HOSPITALS,"sherpur chowk,G.T Road",LUDHIANA,PUNJAB,Transplant Centre,"Liver, Kidney",,
755,MM PATEL PUBLIC CHARITABLE TRUST'S ARMCH KUMBHARI,"Gat No 261/262, A/P Kumbhari Tal South Solapur",SOLAPUR,MAHARASHTRA,Transplant Centre,"Cornea, Kidney",,
756,MELMARUVATHUR ADHIPARASAKTHI HOSPITAL,GST ROAD,KANCHEEPURAM,TAMIL NADU,Transplant Centre,"Cornea, Kidney",,
757,SIMBIOSIS UNIVERSITY HOSPITAL PUNE,AT LAVALE,PUNE,MAHARASHTRA,Transplant Centre,"Liver, Kidney",,
758,SRISATHYASAISANJEEVANIHOSPITAL,SECTOR 2,RAIPUR,CHHATTISGARH,Transplant Centre,Heart,,
759,SHRI GANESH VINAYAK EYE HOSPITAL,"Infront of Colors Mall, Pachpedi Naka, New Dhamtari Road, Lalpur",RAIPUR,CHHATTISGARH,Tissue Bank,Cornea,,
760,TALUK GOVERNMENT HOSPITAL SULLIA,"Taluk Hospital ,Sriramapete,Main Road Sullia574239",DAKSHINA KANNADA,KARNATAKA,Retrieval Centre,Cornea,,
761,JLNHRC BHILAI,Department of Burn and Plastic Surgery JLNHRC Bhilai,DURG,CHHATTISGARH,Transplant Centre,Skin,,
762,AMRI HOSPITALS BHUBANESWAR,"PLOT NO-1,BESIDES SATYASAI ENCLAVE",KHORDHA,ORISSA,Transplant Centre,Kidney,,
763,COMMAND HOSPITAL CENTRAL COMMAND LUCKNOW,Cantonment road,LUCKNOW,UTTAR PRADESH,Transplant Centre,Kidney,,
764,SHREE BAJRANGDASBAPA AROGYADHAM,Shree Bajrangdasbapa Arogyadham,BHAVNAGAR,GUJARAT,Retrieval Centre,Heart,,
765,ARIHANT MULTISPECIALITY HOSPITAL,"Arihant Netralaya, Next to Kusumgar Hero, Baidyanath Square, Nagpur, Maharashtra 440009",NAGPUR,MAHARASHTRA,Transplant Centre,"Cornea, Kidney",,
766,BACKBONE MEDICITY,"11/1-5 RAM VIHAR SOCIETY,BEHIND TWIN STAR BUILDING, NEAR NANA MAVA CIRCLE , 150 FEET RING ROAD,",RAJKOT,GUJARAT,Retrieval Centre,"Heart, Bone, Heart Valve, Intestine, Pancreas, Skin, Cartilage, Cornea, Liver, Blood Vessels, Kidney, Lung",,
767,SMBT HOSPITAL NASHIK,"Nandi Hills, Dhamangaon, Tal. Igatpuri Dist.Nashik-422403",NASHIK,MAHARASHTRA,Transplant Centre,"Heart, Liver, Kidney",,
768,MEDICOVER KLE BHOSARI,sector 1,PUNE,MAHARASHTRA,Transplant Centre,"Intestine, Pancreas, Liver, Kidney",,
769,ANNAI ARUL HOSPITAL,"No,270, Mudichur Road, Old Perungalathur",KANCHEEPURAM,TAMIL NADU,Transplant Centre,Kidney,,
770,METRO HEART INSTITUTE WITH MULTISPECIALITY FRD,Sector - 16A,FARIDABAD,HARYANA,Transplant Centre,"Heart, Liver, Kidney",,
771,GOVERNMENT DINDIGUL MEDICAL COLLEGE HOSPITAL,Begambur,DINDIGUL,TAMIL NADU,Retrieval Centre,Cornea,,
772,kauvery Hospital Vadapalani,23/1 Arcot Road ottagapalayam,-,TAMIL NADU,Transplant Centre,"Heart, Intestine, Pancreas, Liver, Kidney, Lung",,
773,MANIPAL HOSPITAL BANER PUNE,Survey no 111/11/1,PUNE,MAHARASHTRA,Transplant Centre,"Liver, Kidney",,
774,MOTHER CARE HOSPITAL AND TEST TUBE BABY CENTER,SINGAN POR,SURAT,GUJARAT,Retrieval Centre,"Heart, Bone, Heart Valve, Intestine, Pancreas, Skin, Cartilage, Cornea, Liver, Blood Vessels, Kidney, Lung",,
775,MARK HOSPITAL,Sarkanda,BILASPUR,CHHATTISGARH,Transplant Centre,Kidney,,
776,SHREE MAHAVIR JAIN HOSPITAL THANE,LOUISWADI,THANE,MAHARASHTRA,Transplant Centre,"Cornea, Kidney",,
777,GUJARAT KIDNEY AND SUPERSPECIALITY HOSPITAL,Near Jethalpur over bridge,VADODARA,GUJARAT,Transplant Centre,Kidney,,
778,HCG HOSPITAL BHAVNAGAR,"1139, HCG Hospital,",BHAVNAGAR,GUJARAT,Retrieval Centre,"Heart, Bone, Heart Valve, Intestine, Pancreas, Skin, Cartilage, Cornea, Liver, Blood Vessels, Kidney, Lung",,
779,SHALBY HOSPITAL MOHALI,"Shalby Hospital,Sector - 63, Phase - 9, SAS Nagar",SAHIBZADA AJIT SINGH NAGAR,PUNJAB,Transplant Centre,Kidney,,
780,CL GUPTA EYE INSTITUTE,"Ram Ganga Vihar, Phase-II, Moradabad.",MORADABAD,UTTAR PRADESH,Tissue Bank,Cornea,,
781,CHANDAN NEURO SCIENCES HOSPITAL,"188/2/2, Laxmi Peth, Damani Nagar",SOLAPUR,MAHARASHTRA,Transplant Centre,Liver,,
782,PANDIT BHAGWAT DAYAL SHARMA PGIMS ROHTAK,PGIMS ROHTAK,ROHTAK,HARYANA,Transplant Centre,Kidney,,
783,JAY PRABHA MEDANTA SUPER SPECIALITY HOSPITAL,Kankarbagh Main Road,PATNA,BIHAR,Transplant Centre,Kidney,,
784,GMERS HOSPITAL GOTRI VADODARA,"GMERS HOSPITAL, GOTRI ROAD, OLD TB HOSPITAL CAMPUS, GOTRI, VADODARA",VADODARA,GUJARAT,Retrieval Centre,"Heart, Bone, Heart Valve, Intestine, Pancreas, Skin, Cartilage, Cornea, Liver, Blood Vessels, Kidney, Lung",,
785,UROKUL HOSPITAL BANER,"Mumbai Pune Bypass road, Near Bitwise Terra Tower, Baner",PUNE,MAHARASHTRA,Transplant Centre,Kidney,,
786,PRIMACARE SUPER SPECIALITY HOSPITAL,"Block-A, sector-104",GAUTAM BUDDHA NAGAR,UTTAR PRADESH,Transplant Centre,Kidney,,
787,BHARATH MEDICAL COLLEGE AND HOSPITAL,"173,AGARAM MAIN ROAD",CHENNAI,TAMIL NADU,Transplant Centre,Kidney,,
788,AAYUSH MULTISPECIALITY HOSPITAL,SAVSAR PLOT,RAJKOT,GUJARAT,Retrieval Centre,"Heart, Bone, Heart Valve, Intestine, Pancreas, Skin, Cartilage, Cornea, Liver, Blood Vessels, Kidney, Lung",,
789,CHHAVI EYE HOSPITAL,2567 NEAR TELECOM FACTORY GATE NO 2 WRIGHT TOWN,JABALPUR,MADHYA PRADESH,Transplant Centre,Cornea,,
790,KARAIKUDI KIDNEY AND SPECIALITY HOSPITAL,"286/41, Avudaipoige, Trichy Rameshwaram Bypass Road, T.Soorakudi",-,TAMIL NADU,Transplant Centre,Kidney,,
791,GOVERNMENT MEDICAL COLLEGE TRIVANDRUM,Medical College (PO),THIRUVANANTHAPURAM,KERALA,Transplant Centre,"Liver, Kidney",,
792,METROMED INTERNATIONAL CARDIAC CENTRE PVT LTD,Thondayad Bypass Road,KOZHIKODE,KERALA,Transplant Centre,"Heart, Kidney, Lung",,
793,RAJAGIRI HOSPITAL,Chunangamvely,ERNAKULAM,KERALA,Transplant Centre,"Heart, Kidney, Lung",,
794,SADGURU NETRA CHIKITSALAYA,SHRI SADGURU SEVA SANGH TRUST CHITRAKOOT,SATNA,MADHYA PRADESH,Transplant Centre,Cornea,,
795,CHL HOSPITALS INDORE,"a unit of convenient hospitals ltd,near LIG square",INDORE,MADHYA PRADESH,Transplant Centre,"Heart, Liver, Kidney",,
796,PATEL HOSPITAL,Civil Lines,JALANDHAR,PUNJAB,Transplant Centre,Kidney,,
797,ASTER MEDCITY,"Kuttisahib Road, Near Kothad Bridge",ERNAKULAM,KERALA,Transplant Centre,"Heart, Pancreas, Liver, Kidney, Lung",,
798,SGPGIMS LUCKNOW,Raebareilly Road,LUCKNOW,UTTAR PRADESH,Transplant Centre,"Heart, Liver, Kidney, Lung",,
799,PARAS HMRI HOSPITAL,Raja Bazar,PATNA,BIHAR,Transplant Centre,Kidney,,
800,BOMBAY HOSPITAL INDORE,Scheme no.94,INDORE,MADHYA PRADESH,Transplant Centre,"Liver, Kidney",,
801,NETRA PRAKASH EYE CENTRE,Hno 21DN Street 11 Dashmesh Nagar Tripri Patiala,PATIALA,PUNJAB,Transplant Centre,Cornea,,
802,BANKES HEART INSTITUTE,"Opp Suryakiran Complex, Near Tagore Nagar, Old Padra Road, Vadodara",VADODARA,GUJARAT,Retrieval Centre,"Heart, Bone, Heart Valve, Intestine, Pancreas, Skin, Cartilage, Cornea, Liver, Blood Vessels, Kidney, Lung",,
803,BLDE DU SHRI B M PATIL MCH AND RC,smt.Bangaramma Sajjan campus,BIJAPUR,KARNATAKA,Transplant Centre,Kidney,,
804,SYNERGY SUPERSPECIALITY HOSPITAL,150 Feet Ring Road,RAJKOT,GUJARAT,Transplant Centre,Heart,,
805,MAX HOSPITAL GURUGRAM,SUSHANT LOK,GURGAON,HARYANA,Transplant Centre,"Cornea, Kidney",,
806,BIMS AASTHA HOSPITAL AMRELI,"B.M.CHOWK LILIYA ROAD, MANEKPARA, AMRELI",AMRELI,GUJARAT,Transplant Centre,"Heart, Bone, Heart Valve, Intestine, Pancreas, Skin, Cartilage, Cornea, Liver, Blood Vessels, Kidney, Lung",,
807,NU HOSPITALS PRIVATE LTD WEST,"4/1, West of Chord Road",BANGALORE,KARNATAKA,Transplant Centre,Kidney,,
808,ATHAAYU MULTISPECIALTY HOSPITAL,NH 4 HIGHWAY UJALAIWADI,KOLHAPUR,MAHARASHTRA,Transplant Centre,"Liver, Kidney",,
809,GODREJ MEMORIAL HOSPITAL,Opposite Godrej Tower,MUMBAI,MAHARASHTRA,Transplant Centre,"Cornea, Kidney",,
810,MANIK HOSPITAL A RESEARCH CENTRE PVT LTD AURANGABA,Shivneri Nagar Near Javahar Nagar Police Station,AURANGABAD,MAHARASHTRA,Transplant Centre,Kidney,,
811,LOKMANYA TILAK MUNICIPAL GENERAL HOSPITAL MUMBAI,Lokmanya Tilak Municipal Medical College,MUMBAI,MAHARASHTRA,Transplant Centre,Kidney,,
812,MALLIKA HOSPITAL,SHARMA ESTATE,MUMBAI SUBURBAN,MAHARASHTRA,Transplant Centre,Kidney,,
813,KJ MULTISPECIALITY HOSPITAL,"Near Zanzarda cross road, Madhuram bypass Junagadh",JUNAGADH,GUJARAT,Retrieval Centre,"Heart, Bone, Heart Valve, Intestine, Pancreas, Cornea, Liver, Kidney, Lung",,
814,AIIMS BHUBANESWAR,"Sijua,Patrapada",KHORDHA,ORISSA,Transplant Centre,"Liver, Kidney",,
815,KRISHNA SHALBY HOSPITAL,"319, GREEN CITY, GHUMA",AHMADABAD,GUJARAT,Retrieval Centre,"Heart, Bone, Heart Valve, Intestine, Pancreas, Skin, Cartilage, Cornea, Liver, Blood Vessels, Kidney, Lung",,
816,AAROGYAM HOSPITAL AND ICU,"AAYUSH PLAZA COMPLEX,JAIL ROAD,BHAVNAGAR",BHAVNAGAR,GUJARAT,Retrieval Centre,"Heart, Liver, Kidney",,
817,RAIPUR INSTITUTE OF MEDICAL SCIENCES,bhansoj road,RAIPUR,CHHATTISGARH,Transplant Centre,Cornea,,
818,BANSAL HOSPITAL SAGAR,Prabhakar Nagar,SAGAR,MADHYA PRADESH,Transplant Centre,Kidney,,
819,SADVICHAR GENERAL HOSPITAL AND NURSING HOME,"SHREE ALEKH COMPLEX, LEELA CIRCLE",BHAVNAGAR,GUJARAT,Retrieval Centre,"Heart, Bone, Heart Valve, Intestine, Pancreas, Skin, Cartilage, Cornea, Liver, Blood Vessels, Kidney, Lung",,
820,AMALTAS INSTITUTE OF MEDICAL SCIENCES,Village - Bangar,DEWAS,MADHYA PRADESH,Transplant Centre,Kidney,,
821,SHREE KRISHNA HOSPITAL,"Anand sojitra road, beside sardar patel museum",ANAND,GUJARAT,Retrieval Centre,"Heart, Bone, Heart Valve, Intestine, Pancreas, Skin, Cartilage, Cornea, Liver, Blood Vessels, Kidney, Lung",,
822,MANIPAL HOSPITAL KHARADI PUNE,"22/2A, Near Nyati Empire Kharadi Pune 14",PUNE,MAHARASHTRA,Transplant Centre,Kidney,,
823,SARVESH HEALTH CITY A UNIT OF HKSD SARVODAYA HEALT,"Site No-1, Sector - 14, Opp. Civil Hospital",HISAR,HARYANA,Transplant Centre,Kidney,,
824,WELLSUN MEDICITY SUPER SPECIALTY HOSPITAL LUCKNOW,"8-B/NH-5 SECTOR 8, VRINDAVAN COLONY",LUCKNOW,UTTAR PRADESH,Transplant Centre,Kidney,,
825,NANAVATI SUPER SPECIALITY HOSPITAL,"S. V. Road, Vile Parle (West)",MUMBAI,MAHARASHTRA,Transplant Centre,"Heart, Intestine, Pancreas, Liver, Kidney, Hand, Lung",,
826,GOMABAI NETRALAYA,Gomabai Road,NEEMUCH,MADHYA PRADESH,Tissue Bank,Cornea,,
827,SUM HOSPITAL,Kalinga Nagar Ghatika,KHORDHA,ORISSA,Transplant Centre,Kidney,,
828,SHRI MAHANT INDIRESH HOSPITAL,"Kargi - Patel Nagar Bypass, Industrial Area, Govt.Industrial Estate, Patel Nagar",DEHRADUN,UTTARAKHAND,Transplant Centre,"Cornea, Kidney",,
829,SHREE GANGA HOSPITAL,Wadiya factory,NANDED,MAHARASHTRA,Transplant Centre,Kidney,,
830,VITALS MULTISPECIALITY HOSPITAL,A-16 ASHAPURI SOCIETY,VADODARA,GUJARAT,Retrieval Centre,"Heart, Pancreas, Cornea, Liver, Kidney, Lung",,
831,THE MEDICITY HOSPITAL,"teen pani, bigwara",UDHAM SINGH NAGAR,UTTARAKHAND,Tissue Bank,Cornea,,
832,HOPE HOSPITAL,"Plot no: 2, Kamptee Rd, Teka Naka, Nagpur, Maharashtra 440012",NAGPUR,MAHARASHTRA,Transplant Centre,Kidney,,
833,SIR SUNDERLAL HOSPITAL IMS BHU,"Medical Superintendent Office, Sir Sunderlal Hospital",VARANASI,UTTAR PRADESH,Transplant Centre,Kidney,,
834,SCB MEDICAL COLLEGE AND HOSPITAL CUTTACK,MANGLABAG ROAD,CUTTACK,ORISSA,Transplant Centre,Liver,,
835,FIMS HOSPITALS,"193/145, Pollachi Main Road",COIMBATORE,TAMIL NADU,Transplant Centre,"Liver, Kidney",,
836,ALL INDIA INSTITUTE OF MEDICAL SCIENCES RAEBARELI,Munshiganj Raebareli,RAE BARELI,UTTAR PRADESH,Retrieval Centre,"Heart, Intestine, Pancreas, Skin, Liver, Kidney, Lung",,
837,GMERS MEDICAL COLLEGE AND HOSPITAL PORBANDAR,"ST STATION ROAD, PORBANDAR",PORBANDAR,GUJARAT,Retrieval Centre,"Heart, Bone, Heart Valve, Intestine, Pancreas, Skin, Cartilage, Cornea, Liver, Blood Vessels, Kidney, Lung",,
838,GVN RIVERSIDE HOSPITAL TRICHY,"Trichy-Chennai NH, Thimmarayasamudram, T.V Koil",TIRUCHIRAPPALLI,TAMIL NADU,Transplant Centre,Kidney,,
839,COMMAND HOSPITAL PUNE,"Opp, AICTC Kondwa Road",PUNE,MAHARASHTRA,Transplant Centre,Kidney,,
840,WOCKHARDT HOSPITALS MUMBAI CENTRAL,1877 Dr Anand Rao Nair Marg,MUMBAI,MAHARASHTRA,Transplant Centre,"Liver, Kidney",,
841,JPEYEHOSPITAL,KOTHI NO. 35,SAHIBZADA AJIT SINGH NAGAR,PUNJAB,Tissue Bank,Cornea,,
842,AGARTALA GOVT MEDICAL COLLEGE AND GB P HOSPITAL,Kunjaban,WEST TRIPURA,TRIPURA,Transplant Centre,"Cornea, Kidney",,
843,RHYTHM MEDICAL AND HEART HOSPITAL,3rd floor hariom arcade,MAHESANA,GUJARAT,Retrieval Centre,"Heart, Bone, Heart Valve, Intestine, Pancreas, Skin, Cartilage, Cornea, Liver, Blood Vessels, Kidney, Lung",,
844,GLENEAGLES BGS HOSPITAL,Uttarahalli Main road,BANGALORE,KARNATAKA,Transplant Centre,"Heart, Intestine, Pancreas, Liver, Kidney, Lung",,https://www.gleneagleshospitals.co.in/bengaluru/kengeri
845,MAX SUPER SPECIALITY HOSPITAL,Survey no 232 House no 1313,NAGPUR,MAHARASHTRA,Transplant Centre,"Liver, Kidney",,
846,IQRAA,Wayanad Road,KOZHIKODE,KERALA,Transplant Centre,Kidney,,
847,IGKC MULTISPECIALTY HOSPITAL,"PLOT NO - 43/1695, GHATIKIA,",KHORDHA,ORISSA,Transplant Centre,Kidney,,
848,GIRISHWARI HOSPITAL,"No.19 Kavingar Bharathi Dasan Road , Alwarpet, chennai -18",CHENNAI,TAMIL NADU,Transplant Centre,Kidney,,
849,ASTER MIMS KOTTAKKAL,Aster MIMS Hospital,MALAPPURAM,KERALA,Transplant Centre,Kidney,,
850,ABATE EYE HOSPITAL,"PALAKKAD ROAD NEAR KSRTC ,PERINTHALMANNA",MALAPPURAM,KERALA,Tissue Bank,Cornea,,
851,DARBHANGA MEDICAL COLLEGE AND HOSPITAL,"DMCH LAHERIASARAI,DARBHANGA",DARBHANGA,BIHAR,Tissue Bank,Cornea,,
852,S K HOSPITAL,EDAPPAZHANJI,THIRUVANANTHAPURAM,KERALA,Transplant Centre,"Liver, Kidney",,
853,REGIONAL INSTITUTE OF MEDICAL SCIENCES,LAMPHELPAT,IMPHAL WEST,MANIPUR,Transplant Centre,Kidney,,
854,KUTCH AAYUSH HOSPITAL LLP,City Mall Compound,KACHCHH,GUJARAT,Retrieval Centre,"Heart, Bone, Heart Valve, Intestine, Pancreas, Skin, Cartilage, Cornea, Liver, Blood Vessels, Kidney, Lung",,
855,BCM KOKILABEN DHIRUBHAI AMBANI HOSPITAL,K 47/3/2 50/1 50/2/1,INDORE,MADHYA PRADESH,Transplant Centre,Kidney,,
856,MITTAL BHILAI HOSPITAL,Junwani Road,DURG,CHHATTISGARH,Transplant Centre,Kidney,,
857,GGS MEDICAL COLLEGE FARIDKOT,GGS MEDICAL COLLEGE FARIDKOT,FARIDKOT,PUNJAB,Transplant Centre,Cornea,,
858,SANGAM NETRALAYA,SCO 669,SAHIBZADA AJIT SINGH NAGAR,PUNJAB,Transplant Centre,Cornea,,
859,CHRISTIAN MEDICAL COLLEGE LUDHIANA,Brown Road,LUDHIANA,PUNJAB,Transplant Centre,Cornea,,
860,ADITYA BIRLA MEMORIAL HOSPITAL,Aditya Birla Hospital Marg,PUNE,MAHARASHTRA,Transplant Centre,"Cornea, Kidney",,
861,COLUMBIA ASIA HOSPITAL MYSORE,"85-86, Mysore-Bangalore Ring Road Junction",MYSORE,KARNATAKA,Transplant Centre,Kidney,,
862,NEW DELHI CENTRE FOR SIGHT LTD,"317, SCO Complex,",GURGAON,HARYANA,Tissue Bank,Cornea,,
863,SAI BABA EYE HOSPITAL,RAIPUR,RAIPUR,CHHATTISGARH,Tissue Bank,Cornea,,
864,SEVASADAN LIFELINE PRIVATE LTD,Chandwadi Sangli Miraj Road Miraj,SANGLI,MAHARASHTRA,Retrieval Centre,"Heart, Intestine, Pancreas, Skin, Cornea, Liver, Kidney, Lung",,
865,KAR VISION EYE HOSPITAL,"PLOT NO-10, JANPATH, SATYANAGAR",KHORDHA,ORISSA,Transplant Centre,Cornea,,
866,UTKAL HOSPITAL,"Plot No C/3, Niladri Vihar",KHORDHA,ORISSA,Transplant Centre,"Pancreas, Liver, Kidney",,
867,PARK HOSPITAL H BLOCK PALAM VIHAR GURUGRAM,H BLOCK,GURGAON,HARYANA,Transplant Centre,Kidney,,
868,OM NETRA KENDRA AND LASER VISION,"C-108 TAGORE NAGAR, NEAR BANK OF BARODA , RAIPUR",RAIPUR,CHHATTISGARH,Tissue Bank,Cornea,,
869,SHALBY HOSPITAL NARODA,"S. No. 679, Haridarshan Cross Road",AHMADABAD,GUJARAT,Transplant Centre,Kidney,,
870,MEDIPULSE HOSPITAL,"E-4, MIA Basni Phase 2",JODHPUR,RAJASTHAN,Transplant Centre,Kidney,,
871,DEVGIRI SUPERSPECIALITY HOSPITAL,"Rani Laxmibai Road, Parbhani",PARBHANI,MAHARASHTRA,Transplant Centre,Kidney,,
872,DRISHTI EYE INSTITUTE DEHRADUN,16 Subhash Road,DEHRADUN,UTTARAKHAND,Tissue Bank,Cornea,,
873,NIRMAL ASHRAM EYE INSTITUTE,Khairi Kalan P O Satyanarayan,DEHRADUN,UTTARAKHAND,Tissue Bank,Cornea,,
874,DR VITTHALRAO VIKHE PATIL PRAVARA RURAL HOSPITAL,Loni Bk Taluka-Rahata,AHMADNAGAR,MAHARASHTRA,Transplant Centre,"Heart, Kidney",,
875,CENTRE FOR SIGHT,Vivekanand Hospital and Research Centre,MORADABAD,UTTAR PRADESH,Tissue Bank,Cornea,,
876,CHANDRA EYE CARE HOSPITAL,A1-A2 S K Gupta Colony,VARANASI,UTTAR PRADESH,Transplant Centre,Cornea,,
877,NEW DELHI CENTRE FOR SIGHT LTD INDORE,Plot No.124,INDORE,MADHYA PRADESH,Tissue Bank,Cornea,,
878,SRI MANAKULA VINAYAGAR MEDICAL COLLEGE PUDUCHERRY,Kalitheerthalkuppam,PUDUCHERRY,PUDUCHERRY (UT),Tissue Bank,Cornea,,
879,IGGGHPGI,No.1,PUDUCHERRY,PUDUCHERRY (UT),Transplant Centre,"Cornea, Kidney",,
880,SHREEJI MULTISPECIALTY HOSPITAL,1st floor vama square,VADODARA,GUJARAT,Retrieval Centre,"Heart, Bone, Heart Valve, Intestine, Pancreas, Skin, Cartilage, Cornea, Liver, Blood Vessels, Kidney, Lung",,
881,BMCRI AND GENERAL HOSPITAL,SHIMLA GATE,BANAS KANTHA,GUJARAT,Retrieval Centre,"Heart, Bone, Heart Valve, Intestine, Pancreas, Skin, Cartilage, Cornea, Liver, Blood Vessels, Kidney, Lung",,
882,MAVJAT MULTISPECIALITY HOSPITAL,"Mansarovar Lake,",BANAS KANTHA,GUJARAT,Retrieval Centre,"Heart, Heart Valve, Liver, Kidney, Lung",,
883,PARK HOSPITAL,"Sector 47, Sohna Road",GURGAON,HARYANA,Transplant Centre,Kidney,,
884,AIIMS BILASPUR HIMACHAL,AIIMS Bilaspur kothipura,BILASPUR,HIMACHAL PRADESH,Transplant Centre,Kidney,,
885,BOMBAY HOSPITAL MEDICAL RESEARCH CENTRE,12 New Marine Lines,MUMBAI,MAHARASHTRA,Transplant Centre,"Cornea, Liver, Kidney",,
886,MMRRDI SETH NANDLAL DHOOT HOSPITAL,"A1 MIDC, Chikalthana",AURANGABAD,MAHARASHTRA,Transplant Centre,Kidney,,
887,ALL IS WELL MULTI SPECIALITY HOSPITAL,"All Is Well Multi Speciality, Near Macro Vision academy",BURHANPUR,MADHYA PRADESH,Transplant Centre,Kidney,,
888,SHREE NARAYAN EYE HOSPITAL,tajpura,PANCH MAHALS,GUJARAT,Tissue Bank,Cornea,,
889,JYOTI EYE HOSPITAL,NR NOOTAN HIGH SCHOOL,MAHESANA,GUJARAT,Tissue Bank,Cornea,,
890,TANDON NURSING HOME,Hirapura Baripiyary,VARANASI,UTTAR PRADESH,Tissue Bank,Cornea,,
891,REGENCY HOSPITAL,Khurram Nagar,LUCKNOW,UTTAR PRADESH,Transplant Centre,Kidney,,
892,AROHI CORNEA CENTRE THE EYE CENTRE AHMEDABAD,"THE EYE CENTRE, SIGMA II",AHMADABAD,GUJARAT,Tissue Bank,Cornea,,
893,TEJAS EYE HOSPITAL RUN BY DIVYAJYOTI TRUST,Opp. Hanuman Temple,SURAT,GUJARAT,Tissue Bank,Cornea,,
894,SHRI AUROBINDO MEDICAL RESEARCH CENTRE,"Near Ramkrishna Care Hospital, Pachpedi Naka",RAIPUR,CHHATTISGARH,Tissue Bank,Cornea,,
895,SHRI C H NAGRI MUNI EYE HOSPITAL,ELLIS BRIDGE,AHMADABAD,GUJARAT,Tissue Bank,Cornea,,
896,DHIRAJ GENERAL HOSPITAL,Pipariya,VADODARA,GUJARAT,Tissue Bank,Cornea,,
897,APEX HOSPITAL A UNIT OF APEX WELCARE PVT LTD,"N-7/2 A-5, BLW-HYDIL ROAD",VARANASI,UTTAR PRADESH,Transplant Centre,"Liver, Kidney",,
898,FORTIS HEALTH MANAGEMENT LTD,"Building No. 119, Survey No, 23, 80 Feet Main Rd, NGEF Layout, Stage 2",BANGALORE,KARNATAKA,Transplant Centre,Kidney,,
899,EDISON HOSPITAL,"D-226, Sector-90( Ind. Aera Phase-8B) Mohali",SAHIBZADA AJIT SINGH NAGAR,PUNJAB,Transplant Centre,Kidney,,
900,DR T V PATEL EYE INST SHETH M L VADUWALA EYE HOS,"Haribhkati complex, vinobabhave marg",VADODARA,GUJARAT,Tissue Bank,Cornea,,
901,SANJIVANI MULTISPECIALITY HOSPITAL,Somatalav Char Rasta,VADODARA,GUJARAT,Retrieval Centre,"Heart, Heart Valve, Liver, Kidney, Lung",,
902,BASE HOSPITAL SRINAGAR,Badami Bagh Cantonment Srinagar C/O 56 APO,SRINAGAR,JAMMU & KASHMIR,Retrieval Centre,"Heart, Bone, Heart Valve, Intestine, Pancreas, Skin, Cartilage, Liver, Blood Vessels, Kidney, Lung",,
903,NEW SHETH P T MULOTISPECIALITY HOSPITAL,"universal business center wing b,near madhuvan circle,beside ratilal jwelers,pal surat",SURAT,GUJARAT,Retrieval Centre,"Heart, Intestine, Pancreas, Cornea, Liver, Kidney, Lung",,
904,GMERS GENERAL HOSPITAL GANDHINAGAR,"GMERS Medical College, Civil Hospital Campus, Near Pathikasharam, Sector - 12 Gandhinagar",GANDHINAGAR,GUJARAT,Tissue Bank,Cornea,,
905,HDNA AAROGYAM HOSPITAL CUREMARK HEALTHCARE PVT LTD,IAS COLONY OFF RUPASPUR FLYOVER,PATNA,BIHAR,Transplant Centre,Kidney,,
906,NOOTAN GENERAL HOSPITAL,"Sankalchand Patel Vidhyadham,Ambaji -Gandhinagar Link Highway Kamana Cross Road,Visnagar -384315",MAHESANA,GUJARAT,Retrieval Centre,"Heart, Bone, Heart Valve, Intestine, Pancreas, Skin, Cartilage, Cornea, Liver, Blood Vessels, Kidney, Lung",,
907,RAINBOW CHILDREN'S HOSPITAL CHENNAI,"NO 157, Annasalai",CHENNAI,TAMIL NADU,Transplant Centre,"Liver, Kidney",,
908,JUNAGADH AAYUSH HOSPITAL LLP,Zanzarda Chokri,JUNAGADH,GUJARAT,Retrieval Centre,"Cornea, Liver, Kidney",,
909,BUNDELKHAND MEDICAL COLLEGE SAGAR MP,Shivaji Ward Tilli Sagar,SAGAR,MADHYA PRADESH,Tissue Bank,Cornea,,
910,PANJBARO DESHMUKH MEDICAL COLLEGE AMRAVATI,Shivaji Nagar,AMRAVATI,MAHARASHTRA,Transplant Centre,Kidney,,
911,AKSHAY EYE CLINIC,213/A APPOSITE PRASHANT LODGE VISHRALI NAKA,RAIGARH,MAHARASHTRA,Tissue Bank,Cornea,,
912,DEESHA INTERNATIONAL EYE BANK AMRAVATI,"Ground Floor, Rasik Building, Ambapeth",AMRAVATI,MAHARASHTRA,Tissue Bank,Cornea,,
913,BRIGHT SIGHT EYE HOSPITAL,"Saket 26B, Beside Disha Deaddiction Centre, Near Patliputra Maidan",PATNA,BIHAR,Transplant Centre,Cornea,,
914,SIDS HOSPITAL AND RESEARCH CENTRE,"PLOT NO 191 TO 195 RING ROAD, KHATODRA, NEAR SHELL PETROL PUMP, SOSYO CIRCLE LANE, Khatodara, Surat",SURAT,GUJARAT,Transplant Centre,Liver,,
915,VINITA HOSPITAL,"70,josier street",CHENNAI,TAMIL NADU,Transplant Centre,Kidney,,
916,GRECIAN SUPER SPECIALITY HOSPITAL,SECTOR 69,SAHIBZADA AJIT SINGH NAGAR,PUNJAB,Transplant Centre,Kidney,,
917,SWAGAT SUPER SPECIALITY SURGICAL INSTITUTE AND NH,"Swagat Hospital, Maligaon",KAMRUP METROPOLITAN,ASSAM,Transplant Centre,Liver,,https://www.swagathospitals.in/
918,PARK HOSPITAL PATIALA,Urban estate phase 1,PATIALA,PUNJAB,Transplant Centre,Kidney,,
919,RIO PGIMS ROHTAK,PT.B.D.Sharma PGIMS Rohtak,ROHTAK,HARYANA,Tissue Bank,Cornea,,
920,ASHWINI SAHAKARI RUGNALAYA SOLAPUR,Survey No- 7107/1 Plot No 180,SOLAPUR,MAHARASHTRA,Transplant Centre,Kidney,,
921,APOLLO HOSPITALS BHUBANESWAR,Plot No-251,KHORDHA,ORISSA,Transplant Centre,Kidney,,
922,MAX HOSPITAL VAISHALI,W-3,GHAZIABAD,UTTAR PRADESH,Transplant Centre,"Liver, Kidney",,
923,KRISHNA NETRALAYA,"7A-8B, Vipul Trade Centre",GURGAON,HARYANA,Tissue Bank,Cornea,,
924,RITI EYE CARE HOSPITAL,289,REWARI,HARYANA,Transplant Centre,Cornea,,
925,GOPINATHJI HOSPITAL A UNIT OF UNITY HEALTHCARE,3 CACTUS PARK SOCIETY,VADODARA,GUJARAT,Retrieval Centre,"Heart, Bone, Heart Valve, Intestine, Pancreas, Skin, Cartilage, Cornea, Liver, Blood Vessels, Kidney, Lung",,
926,ALL INDIA INSTITUTE OF MEDICAL SCIENCES BATHINDA,Mandi Dabwali Road,BATHINDA,PUNJAB,Transplant Centre,"Cornea, Kidney",,
927,MM INSTITUTE OF MEDICAL SCIENCES AND RESEARCH,MULLANA,AMBALA,HARYANA,Tissue Bank,Cornea,,
928,HOLY SPIRIT HOSPITAL,"Mahakali Caves Road, Andheri (east) Mumbai 400093",MUMBAI,MAHARASHTRA,Transplant Centre,Kidney,,
929,REGIONAL INSTITUTE OF OPHTHALMOLOGY,"Palayam Airport Rd, near General Hospital,",THIRUVANANTHAPURAM,KERALA,Tissue Bank,Cornea,,
930,SHAH SATNAM JI SPECIALITY HOSPITALS,"Near Shah Satnam Ji Dham, Dera Sacha Sauda, Shah Satnam Ji Pura",SIRSA,HARYANA,Tissue Bank,Cornea,,
931,IRIS HOSPITAL,"Lambhvel Road, Anand",ANAND,GUJARAT,Retrieval Centre,"Heart, Bone, Heart Valve, Intestine, Pancreas, Skin, Cartilage, Cornea, Liver, Blood Vessels, Kidney, Lung",,
932,ASTER HOSPITAL WHITEFIELD,"Plot No. 3 &amp; 4, Sadaramangala Industrial Area, off Whitefield Main Road,",BANGALORE,KARNATAKA,Transplant Centre,"Heart, Heart Valve, Liver, Kidney, Lung",,
933,GBH GENERAL HOSPITAL N GBH MEMORIAL CANCER HOSPTAL,"Near Transport Nagar, Airport Road",UDAIPUR,RAJASTHAN,Transplant Centre,Kidney,,
934,PBMA'S H V DESAI EYE HOSPITAL,93 Taravadewasti,PUNE,MAHARASHTRA,Tissue Bank,Cornea,,
935,GOVERNMENT MEDICAL COLLEGE,NEAR ASHOK VATIKA,AKOLA,MAHARASHTRA,Tissue Bank,Cornea,,
936,WAVIKAR EYE INSTITUTE,4th and 5th Floor Amber Arcade Near Lodha Paradise Majiwada,THANE,MAHARASHTRA,Tissue Bank,Cornea,,
937,GALAXY SUPERSPECIALITY HOSPITAL,"Garkheda Area, Ulkanagari,",AURANGABAD,MAHARASHTRA,Transplant Centre,Kidney,,
938,AFMC PUNE,Solapur pune highway,PUNE,MAHARASHTRA,Tissue Bank,Cornea,,
939,ARUNODAYA DESERET EYE HOSPITAL,PLOT NO. NH-4,GURGAON,HARYANA,Tissue Bank,Cornea,,
940,MEHTA MULTISPECIALTY HOSPITAL INDIA PVT LTD,"No.2,MCNIcholas Road,3rd Lane,Chetpet",CHENNAI,TAMIL NADU,Transplant Centre,Kidney,,https://mehtahospital.com/kidney-transplant-chetpet/
941,SWAMI VIVEKANAND MEDICAL MISSION HOSPITAL NAGPUR,"Khapri, Wardha Road, Nagpur",NAGPUR,MAHARASHTRA,Tissue Bank,Cornea,,
942,DHANALAKSHMI SRINIVASAN MEDICAL COLLEGE AND HOSPIT,"NH 45, Trichy- Chennai National Highway",PERAMBALUR,TAMIL NADU,Transplant Centre,"Heart, Liver, Kidney",,
943,APOLLO SPECIALITY HOSPITALS,"Chennai bypass road, Old Palpannai",TIRUCHIRAPPALLI,TAMIL NADU,Transplant Centre,"Liver, Kidney",,
944,GALAXY HOSPITALS,NORTH BYE PASS ROAD,TIRUNELVELI,TAMIL NADU,Transplant Centre,Kidney,,
945,SREE ABIRAMI HOSPITAL PRIVATE LIMITED,"33, MADUKKRAI ROAD",COIMBATORE,TAMIL NADU,Transplant Centre,Kidney,,
946,PRAGJYOTI EYE CARE AND RESEARCH CENTRE PVT LTD,"29, HATIGARH CHARALI",KAMRUP METROPOLITAN,ASSAM,Tissue Bank,Cornea,,
947,GOVERNMENT MEDICAL COLLEGE GONDIA,KTS hospital,GONDIYA,MAHARASHTRA,Retrieval Centre,"Heart, Bone, Heart Valve, Intestine, Pancreas, Skin, Cartilage, Cornea, Liver, Blood Vessels, Kidney, Lung",,
948,RAINBOW CHILDREN'S MEDICARE LIMITED,"Survey No. 8/5, Marathahalli",BANGALORE,KARNATAKA,Transplant Centre,"Liver, Kidney",,
949,NAVJEEVAN HOSPITAL GWALIOR,"opp scindia kanya vidhyalaya,",GWALIOR,MADHYA PRADESH,Transplant Centre,Kidney,,
950,MANIPAL HOSPITALS BHUBANESWAR,"PLOT NO-1,BESIDES SATYASAI ENCLAVE",KHORDHA,ORISSA,Transplant Centre,"Liver, Kidney",,
951,DEPARTMENT OF OPHTHALMOLOGY ASSAM MEDICAL COLLEGE,ASSAM MEDICAL COLLEGE,DIBRUGARH,ASSAM,Tissue Bank,Cornea,,
952,SHYAM SHAH MEDICAL COLLEGE REWA MP,Hari Bhusan Nagar Amahiya Road Rewa MP,REWA,MADHYA PRADESH,Transplant Centre,"Skin, Cornea, Kidney",,
953,DMHRC,"DEENANATH MANGESHKAR HOSPITAL AND RESEARCH CENTER , ERANDWANE, PUNE",PUNE,MAHARASHTRA,Tissue Bank,Cornea,,
954,MAX SUPER SPECIALITY HOSPITAL NOIDA,Sector-128,GAUTAM BUDDHA NAGAR,UTTAR PRADESH,Transplant Centre,"Liver, Kidney",,
955,SHALBY HOSPITAL JAIPUR,"Sector 3, Near Gandhi Path Underpass,",JAIPUR,RAJASTHAN,Transplant Centre,Kidney,,
956,KIMS MANVATA HOSPITAL NASHIK,manvata Health campus new mumbai agra highway Mumbai naka nashik-422001,NASHIK,MAHARASHTRA,Transplant Centre,Kidney,,
957,MADHAV NETRA BANK AT THAKUR EYE AND MATERNITY HOSP,NEAR HEAD POST OFFICE KUNJPURA ROAD KARNAL,KARNAL,HARYANA,Tissue Bank,Cornea,,
958,SRIVENKATESHWARAA MEDICAL COLLEGE HOSPITAL,13-A PONDY VILLUPURAM MAIN ROAD,PUDUCHERRY,PUDUCHERRY (UT),Transplant Centre,"Liver, Kidney",,
959,APEKSHA HOSPITAL,"MS APEKSHA HEALTHCARE LLP, BASEMENT FLOOR",DIBRUGARH,ASSAM,Transplant Centre,Kidney,,
960,THE EYECARE CENTER,"H. NO. 2, DPLS ROAD, HEDAYATPUR, GAUHATI CLUB",KAMRUP METROPOLITAN,ASSAM,Tissue Bank,Cornea,,
961,GENERAL HOSPITAL EKM,HOSPITAL ROAD EKM,ERNAKULAM,KERALA,Transplant Centre,"Heart, Kidney",,
962,MEDANTA ABDUR RAZZAQUEQ ANSARI MEMORIAL WEAVERS,IRBA,RANCHI,JHARKHAND,Transplant Centre,Kidney,,
963,NATASHA EYE CARE AND RESEARCH CENTRE,"SHIV SAI LANE, SAI SAHEB SOCIETY,",PUNE,MAHARASHTRA,Tissue Bank,Cornea,,
964,HEALTH CITY HOSPITAL,"Koinadhara, Khanapara, Guwahati",KAMRUP METROPOLITAN,ASSAM,Transplant Centre,Kidney,,
965,TRICITY EYE HOSPITAL,"Sco-48, Sec 125, New Sunny Enclave,Kharar",SAHIBZADA AJIT SINGH NAGAR,PUNJAB,Transplant Centre,Cornea,,
966,CHETTINAD HOSPITAL AND RESEARCH INSTITUTE,"Chettinad Health City, Rajiv Gandhi Salai, (OMR, Chennai), Kelambakkam, Kanchipuram Dist.",KANCHEEPURAM,TAMIL NADU,Transplant Centre,"Heart, Kidney",,
967,COIMBATORE MEDICAL COLLEGE AND HOSPITALS,1619 A,COIMBATORE,TAMIL NADU,Transplant Centre,Kidney,,
968,TRIVENI HEALTHCARE A UNIT OF JAMDAR HOSPITAL,1480WRIGHT TOWN,JABALPUR,MADHYA PRADESH,Transplant Centre,Kidney,,
969,ATHARVA NETRALAYA AND RESEARCH OVT LTD,"c/o Lokmanya Hospital 402/A Gokhale Nagar road,Off Senapati bapat Marg ,Vetal Baba Chowk",PUNE,MAHARASHTRA,Transplant Centre,Cornea,,
970,ADESH MEDICAL COLLEGE AND HOSPITAL,NH-44,KURUKSHETRA,HARYANA,Retrieval Centre,"Heart, Bone, Heart Valve, Intestine, Pancreas, Skin, Cartilage, Cornea, Liver, Blood Vessels, Kidney, Lung",,
971,IGGMC NAGPUR,Central Ave,NAGPUR,MAHARASHTRA,Tissue Bank,Cornea,,
972,M P TAPADIA ROTARY EYE BANK,"Near Market Yard, Behind Warehouse",NASHIK,MAHARASHTRA,Tissue Bank,Cornea,,
973,VINAYAKA MISSION SUPER SPECIALITY HOSPITAL,NH-47 SANKARI MAIN ROAD,SALEM,TAMIL NADU,Transplant Centre,Kidney,,http://www.vimshospital.com
974,COMMAND HOSPITAL CHANDIMANDIR,"Chandimandir, Panchkula",PANCHKULA,HARYANA,Transplant Centre,"Cornea, Kidney",,
975,MGM HEALTHCARE MALAR ADYAR,1st main road Gandhi nagar,CHENNAI,TAMIL NADU,Transplant Centre,"Heart, Intestine, Pancreas, Liver, Kidney, Lung",,
976,SUSHRUTA MULSTISPECIALITY HOSPITAL AND R C PVT LTD,"P B Road, Vidyanagar",DHARWAD,KARNATAKA,Transplant Centre,Kidney,,
977,AMRUTHA SUPERSPECIALITY HOSPITAL,#39 AND 42 BH ROAD NELAMANGALA,BANGALORE RURAL,KARNATAKA,Transplant Centre,Kidney,,
978,MEENAKSHI SUPER SPECIALITY HOSPITAL RUNBY SUNMED,"171, Lake area, melur road",MADURAI,TAMIL NADU,Transplant Centre,"Liver, Kidney",,
979,Q MED HOSPITAL PRIVATE LIMITED,"25 officers colony road,",TIRUCHIRAPPALLI,TAMIL NADU,Transplant Centre,Kidney,,
980,KMCT MEDICAL COLLEGE HOSPITAL,"Manassery,Mukkam",KOZHIKODE,KERALA,Transplant Centre,Kidney,,
981,GOVT MOHANKUMARAMANGALAM MEDICAL COLLEGE HOSPITAL,"8, ford main road",SALEM,TAMIL NADU,Transplant Centre,Kidney,,
982,KAUVERY HOSPITAL CHENNAI,199 luz church road mylapore,CHENNAI,TAMIL NADU,Transplant Centre,"Heart, Pancreas, Liver, Kidney",,
983,VAGUS SUPER SPECIALITY HOSPITALS PVT LTD,"#6, 7 &amp; 8, 18th Cross, 4th Main, Near Margosa Road BMTC Busstand,",BANGALORE,KARNATAKA,Transplant Centre,Kidney,,
984,HYCARE HOSPITALS,"Plot No. 4944,",CHENNAI,TAMIL NADU,Transplant Centre,Kidney,,
985,DR DEEPIKA EYE AND GLAUCOMA CARE CENTRE,Inside Dyal Nursing Home,SIRSA,HARYANA,Tissue Bank,Cornea,,
986,AARYA HOSPITAL,"No.1199,New Kantharaj Urs Road, Near Ballal Circle",MYSORE,KARNATAKA,Transplant Centre,Kidney,,
987,SPARSH HOSPITAL YELAHANKA,"#147/138, YELAHANKA VILLAGE",BANGALORE,KARNATAKA,Transplant Centre,"Liver, Kidney",,
988,GMERS MCH SOLA AHMEDABAD,"Nr. Gujarat High Court, S.G. Highway, Sola Ahmedabad",AHMADABAD,GUJARAT,Retrieval Centre,"Heart, Bone, Heart Valve, Intestine, Pancreas, Skin, Cartilage, Cornea, Liver, Blood Vessels, Kidney, Lung",,
989,ARIHANT HOSPITAL,C squrare CTS No 10632 A1/E,BELGAUM,KARNATAKA,Transplant Centre,"Heart, Kidney",,
990,ADICHUNCHANAGIRI HOSPITAL AND RESEARCH CENTRE,B G Nagara,MANDYA,KARNATAKA,Transplant Centre,Kidney,,
991,SHARDA HOSPITAL,32&amp; 34 Knowledge Park III,GAUTAM BUDDHA NAGAR,UTTAR PRADESH,Transplant Centre,Kidney,,
992,THE SIGHT AVENUE EYE HOSPITAL,Plot No.243-P,GURGAON,HARYANA,Tissue Bank,Cornea,,
993,VGM HOSPITAL,"2100, Trichy Road",COIMBATORE,TAMIL NADU,Transplant Centre,"Liver, Kidney",,
994,DR VASANTRAO PAWAR MEDICAL COLLEGE AND RC,Vasantadada Nagar,NASHIK,MAHARASHTRA,Transplant Centre,Kidney,,"https://drvasantraopawarmedicalcollege.com
"
995,APOLLO HOSPITAL GREAMS ROAD,"21, Greams Road",CHENNAI,TAMIL NADU,Transplant Centre,"Heart, Intestine, Pancreas, Liver, Kidney, Lung",,
996,VISION CARE CENTER SUPERSPECIALITY EYE HOSPITAL,"SUSHILA PARK, BEHIND SURAJ NAGAR, SHIRUR",PUNE,MAHARASHTRA,Tissue Bank,Cornea,,
997,AMAR HOSPITAL PATIALA,"# 8, Bank Colony",PATIALA,PUNJAB,Transplant Centre,Kidney,,
998,FORTIS HOSPITAL CUNNINGHAM ROAD,"14,cunningham rd near sigma central mall vasanth nagar bengalore",BANGALORE,KARNATAKA,Transplant Centre,Kidney,,
999,SMT KASHIBAI NAVALE MEDICAL COLLEGE AND HOSPITAL,S.No 49/1 Narhe,PUNE,MAHARASHTRA,Tissue Bank,Cornea,,
1000,SHWETHA SPECIALITY HOSPITAL PRIVATE LIMITED,"B-7 , 11th cross , thillai nagar",TIRUCHIRAPPALLI,TAMIL NADU,Transplant Centre,Liver,,
1001,Q MAXX HOSPITAL,Near Tulsi Circle,BIKANER,RAJASTHAN,Tissue Bank,Cornea,,
1002,BHARATHI INFINITY HOSPITAL,"19/28,Behind Valar Nagar,Ilandaikulam",MADURAI,TAMIL NADU,Transplant Centre,"Intestine, Pancreas, Liver, Kidney",,
1003,NEWERA HOSPITAL,"PLOT NO 48 &amp; 49,sec 7,vashi",THANE,MAHARASHTRA,Transplant Centre,"Liver, Kidney",,
1004,CURI HOSPITAL,Thuraipakkam,CHENNAI,TAMIL NADU,Transplant Centre,Kidney,,
1005,MGM EYE INSTITUTE,"5th Mile, Vidhan Sabha Road",RAIPUR,CHHATTISGARH,Transplant Centre,Cornea,,
1006,YENEPOYA SPECIALTY HOSPITAL,KS Rao Road,DAKSHINA KANNADA,KARNATAKA,Transplant Centre,Kidney,,
1007,SB HOSPITAL,Rajappa Nagar,THANJAVUR,TAMIL NADU,Transplant Centre,Kidney,,
1008,RGMC AND CSMH HOSPITAL,"1,Thane, Belapur Road, Kalwa",THANE,MAHARASHTRA,Tissue Bank,Cornea,,
1009,MANIPAL HOSPITAL SARJAPUR ROAD,"MANIPAL HOSPITALS, SARJAPUR ROAD",BANGALORE,KARNATAKA,Transplant Centre,Kidney,,
1010,SIGMA HOSPITAL,P/8D Thonachikoppalu road,MYSORE,KARNATAKA,Transplant Centre,Kidney,,
1011,ARPANA EYE BANK INSIDE ARPANA HOSPITAL,MADHUBAN,KARNAL,HARYANA,Tissue Bank,Cornea,,
1012,KAMINENI HOSPITAL,Plot No: 68,RANGAREDDY,TELANGANA,Transplant Centre,Kidney,,
1013,PUNJAB INSTITUTE OF LIVER AND BILIARY SCIENCES,"PHASE-3B1, SECTOR- 60",SAHIBZADA AJIT SINGH NAGAR,PUNJAB,Transplant Centre,"Liver, Kidney",,
1014,L V PRASAD EYE INSTITUTE Y S RAJASEKHARA REDDY CAM,Y S Rajasekhara Reddy Campus,-,ANDHRA PRADESH,Tissue Bank,Cornea,,
1015,SHRI VINOBA BHAVE CIVIL HOSPITAL,Near Collectorate,DADRA & NAGAR HAVELI,DADRA & NAGAR HAVELI (UT),Retrieval Centre,"Heart, Intestine, Pancreas, Liver, Kidney, Lung",,
1016,GOVT KILPAUK MEDICAL COLLEGE AND HOSPITAL,Poonamalle high road,CHENNAI,TAMIL NADU,Transplant Centre,"Skin, Cornea, Kidney",,
1017,APPLE HOSPITALS AND RESEARCH INSTITUTE LTD,"525/E ,Vyapari Peth ,Shahupuri,Kolhapur",KOLHAPUR,MAHARASHTRA,Transplant Centre,Kidney,,
1018,APOLLO CHILDREN'S HOSPITAL,15 Shafee Mohammed road thousand lights,CHENNAI,TAMIL NADU,Transplant Centre,"Liver, Kidney",,
1019,APOLLO SPECIALITY HOSPITALS,"5/639, Old Mahabalipuram Road,",CHENNAI,TAMIL NADU,Transplant Centre,"Liver, Kidney",,
1020,CHRISTIAN MEDICAL COLLEGE,"Ida Scudder road, Vellore",VELLORE,TAMIL NADU,Transplant Centre,"Heart, Cornea, Liver, Kidney",,
1021,KARPAGAM HOSPITAL,Othakkalmandapam,COIMBATORE,TAMIL NADU,Transplant Centre,"Heart, Kidney",,
1022,GNRC DISPUR,GNRC Rd,KAMRUP METROPOLITAN,ASSAM,Transplant Centre,Kidney,,
1023,DR MALATHI MANIPAL HOSPITAL,"Dr.Malathi ManipalHospital,#45,9th block Jayanagar,Bangalore,Karnataka",BANGALORE,KARNATAKA,Transplant Centre,Kidney,,
1024,JLN MEDICAL COLLEGE AJMER,"KALA BAGH, AJMER, RAJASTHAN (305001)",AJMER,RAJASTHAN,Retrieval Centre,"Heart, Bone, Heart Valve, Intestine, Pancreas, Skin, Cartilage, Cornea, Liver, Blood Vessels, Kidney, Lung",,
1025,HIND INSTITUTE OF MEDICAL SCIENCES BARABANKI,SAFEDABAD BARABANKI,BARA BANKI,UTTAR PRADESH,Transplant Centre,Kidney,,
1026,K H PATIL HOSPITAL AND RESEARCH INSTITUTE HULKOTI,"Station Road,Hulkoti",GADAG,KARNATAKA,Transplant Centre,Kidney,,
1027,SHRI VASANTRAO NAIK GMC YAVATMAL,Waghapur road civil lines Yavatmal,YAVATMAL,MAHARASHTRA,Tissue Bank,Cornea,,
1028,NU HOSPITALS PVT LTD SHIVAMOGGA,"CA-P1, SY NO 78, JEDIKATTE, MACHENAHALLI, BHADRAVATHI TALUK, SHIVAMOGGA",SHIMOGA,KARNATAKA,Transplant Centre,Kidney,,
1029,AIIMS PATNA,"Patna - Aurangabad Rd, Phulwari Sharif,",PATNA,BIHAR,Tissue Bank,Cornea,,
1030,KRISHNA INSTITUTE OF MEDICAL SCIENCES MAHDEVAPURA,"Survey No. 36/5, Outer Ring Road, Doddanekkundi",BANGALORE,KARNATAKA,Transplant Centre,"Heart, Intestine, Pancreas, Liver, Kidney, Lung",,
1031,SPARSH HOSPITAL INFANTRY ROAD,"#146,",BANGALORE,KARNATAKA,Transplant Centre,"Pancreas, Liver, Kidney",,
1032,JNUIMSRC,"Near New RTO office, Jagatpura",JAIPUR,RAJASTHAN,Transplant Centre,Kidney,,
1033,RATAN JYOTI NETRALAYA,"18 Vikas Nagar Near Sai Baba Mandir, Gwalior (M.P.) 474002",GWALIOR,MADHYA PRADESH,Tissue Bank,Cornea,,
1034,GMERS GENERAL HOSPITAL HIMMATANAGAR,Near polytechnic,SABAR KANTHA,GUJARAT,Tissue Bank,"Cartilage, Cornea",,
1035,CITI HOSPITAL AKOLA,RAMDASPETH,AKOLA,MAHARASHTRA,Transplant Centre,Kidney,,
1036,BHAGWAN MAHAVIR MANIPAL HOSPITAL A UNIT OF MANIPAL,"In front of PHED colony, Mahuram Toli,Near Booty More,Bariatu Road, Ranchi, Jharkhand,834009",RANCHI,JHARKHAND,Transplant Centre,"Cornea, Kidney",,
1037,SIMS AND RH TUMKUR,SHRIDEVI INSTITUTE OF MEDICAL SCIENCES &amp; RESEARCH HOSPITAL SIRA ROAD TUMKURU - 572106,TUMKUR,KARNATAKA,Transplant Centre,"Cornea, Kidney",,
1038,GMERS MEDICAL COLLEGE ATTACHED GENERAL HOSP GNR,"Near GH 3 Circle, Opp. S T Bus stop, Gandhinagar",GANDHINAGAR,GUJARAT,Retrieval Centre,"Heart, Bone, Heart Valve, Intestine, Pancreas, Skin, Cartilage, Cornea, Liver, Blood Vessels, Kidney, Lung",,
1039,CRITICARE ASIA MULTISPECIALITY HOSPITAL,"Plot No 1064A ,new link road,,near Toyoto showroom,Malad (W)",MUMBAI SUBURBAN,MAHARASHTRA,Transplant Centre,Kidney,,
1040,TERNA SPECIALITY HOSPITAL AND RESEARCH CENTRE,"Plot no.12, Sector-22, opp Nerul Railway Station, Phase II Nerul (W), Navi Mumbai",MUMBAI SUBURBAN,MAHARASHTRA,Transplant Centre,Kidney,,
1041,SOORIYA HOSPITAL,Mahalingapuram,CHENNAI,TAMIL NADU,Transplant Centre,Liver,,
1042,LIVASA HOSPITAL AMRITSAR,Airport Road,AMRITSAR,PUNJAB,Transplant Centre,Kidney,,
1043,CYTECARE HOSPITALS PVT LTD,"Venkatala, Near Bagalur Cross, Yelahanka",BANGALORE,KARNATAKA,Transplant Centre,Kidney,,https://cytecare.com
1044,DHARAN HOSPITAL,14 SEELANAICKENPATTY BYEPASS ROAD,SALEM,TAMIL NADU,Transplant Centre,Kidney,,
1045,PUSHPANJALI HOSPITAL,plot no.1 rajesh pilot chowk rewari,REWARI,HARYANA,Transplant Centre,Kidney,,
1046,SARAF EYE HOSPITAL,"plot 35, Subhash nagar shopping centre, opposite bank of baroda, shastri nagar",JAIPUR,RAJASTHAN,Tissue Bank,Cornea,,
1047,APOLLO JBP HOSPITALS,"near RTO,Global Square,patan bypass",JABALPUR,MADHYA PRADESH,Transplant Centre,Kidney,,
1048,DR PAWAN EYE HOSPITAL AND RESEARCH CENTRE,KHATRI KA BAG,SAWAI MADHOPUR,RAJASTHAN,Tissue Bank,Cornea,,
1049,APEX HEART HOSPITAL,No.9A Selvam Nagar,THANJAVUR,TAMIL NADU,Transplant Centre,"Heart, Lung",,
1050,GMERS MEDICAL COLLEGE ATTACHED GENERAL HOSPITAL,Near Jakat Naka,NARMADA,GUJARAT,Retrieval Centre,"Heart, Bone, Heart Valve, Intestine, Pancreas, Skin, Cartilage, Liver, Blood Vessels, Kidney, Lung",,
1051,MEDANTA HOSPITAL NOIDA,"PLOT NO. F-16, BLOCK -F, SECTOR-50, NOIDA, GAUTAMBUDDHA NAGAR, U.P",GAUTAM BUDDHA NAGAR,UTTAR PRADESH,Transplant Centre,Kidney,,
1052,HAYAT HOSPITAL PVT LTD,Odalbakra Lalganesh Kahilipara,KAMRUP METROPOLITAN,ASSAM,Transplant Centre,Kidney,,
1053,SAI SUKHDA HOSPITAL,NEAR PASSPOR OFFI,BAREILLY,UTTAR PRADESH,Transplant Centre,Kidney,,
1054,SHRIMAD RAJCHANDRA HOSPITAL AND RESEARCH CENTRE,"Dharampur Bypass Road, Bilpudi Tal. Dharampur",VALSAD,GUJARAT,Retrieval Centre,"Heart, Bone, Heart Valve, Intestine, Pancreas, Skin, Cartilage, Cornea, Liver, Blood Vessels, Kidney, Lung",,
1055,SHRI VENKATESH SUPERSPECIALITY HOSPITAL RAIPUR,"C-14, Sector 8A, Kaushalya Vihar , raipur",RAIPUR,CHHATTISGARH,Transplant Centre,Heart,,
1056,JUNEJA EYE HOSPITAL,3RD FLOOR ABOVE APOLLO CITY CENTER CMD CHOWK BILASPUR,BILASPUR,CHHATTISGARH,Transplant Centre,Cornea,,
1057,KAILASH HOSPITAL AND NEURO INSTITUTE,"NH-1,Sector-71,Noida,Gautam Budh Nagar,Uttar Pradesh- 201309",GAUTAM BUDDHA NAGAR,UTTAR PRADESH,Transplant Centre,Kidney,,
1058,SRI SIDDHARTHA MEDICAL COLLEGE AND HOSPITAL,"Agalakote, Tumakuru",TUMKUR,KARNATAKA,Transplant Centre,"Heart, Heart Valve, Cornea, Kidney, Lung",,
1059,REGIONAL INSTITUTE OF OPHTHALMOLOGY MINTO HOSPITAL,XH6C&#43;9VP,BANGALORE,KARNATAKA,Tissue Bank,Cornea,,
1060,JAGADGURU SRI SHIVARATHREESHWARA HOSPITAL,MAHATAMA GANDHI ROAD,MYSORE,KARNATAKA,Transplant Centre,"Liver, Kidney",,
1061,WENLOCK DISTRICT HOSPITAL,"Hampankatta, Mangaluru",DAKSHINA KANNADA,KARNATAKA,Retrieval Centre,"Heart, Bone, Heart Valve, Intestine, Pancreas, Skin, Cartilage, Cornea, Liver, Blood Vessels, Kidney, Hand, Lung",,
1062,KODAGU INSTITUTE OF MEDICAL SCIENCES,"GENERAL THIMMAIAH (GT )CIRCLE, TOLLGATE",KODAGU,KARNATAKA,Retrieval Centre,"Heart, Bone, Heart Valve, Intestine, Pancreas, Skin, Cartilage, Cornea, Liver, Blood Vessels, Kidney, Hand, Lung",,
1063,K H PATIL INSTITUTE OF MEDICAL SCIENCES,Mallasamudra,GADAG,KARNATAKA,Retrieval Centre,"Heart, Bone, Heart Valve, Intestine, Pancreas, Skin, Cartilage, Cornea, Liver, Blood Vessels, Kidney, Hand, Lung",,
1064,DISTRICT HOSPITAL UDUPI,AJJARKAD UDUPI,UDUPI,KARNATAKA,Retrieval Centre,"Heart, Intestine, Kidney",,
1065,MANIPAL HOSPITAL KANAKAPURA ROAD,"Konanakunte village, ward no 197, Vasanthapura, Uttarahalli Hobli , Bengaluru south taluk",BANGALORE,KARNATAKA,Transplant Centre,Kidney,,
1066,NARAYANA NETHRALAYA,"#258/A, Hosur Road, Bommasandra",BANGALORE,KARNATAKA,Tissue Bank,Cornea,,
1067,KMCH INSTITUTE OF HEALTH SCIENCES AND RESEARCH,"NO 99 A, AVANASHI ROAD",COIMBATORE,TAMIL NADU,Transplant Centre,Liver,,
1068,SAPTHAGIRI INSTITUTE OF MEDICAL SCIENCES RESEARCH,"15, Hesarghatta Main Road",BANGALORE,KARNATAKA,Transplant Centre,Kidney,,
1069,VITTALA INTERNATIONAL INSTITUTE OF OPHTHALMOLOGY,"C A SITE 1, 2ND CROSS, 2ND MAIN, 7TH BLOCK, HOSAKEREHALLI",BANGALORE,KARNATAKA,Tissue Bank,Cornea,,
1070,VITAL SUPERSPECIALITY HOSPITAL,334 R K NAGAR SOCIETY NO 2 MOREWADI KOLHAPUR,KOLHAPUR,MAHARASHTRA,Transplant Centre,Kidney,,
1071,INDIRA GANDHI MEDICAL COLLEGE,"Vazhuthavur Main Road, Kathirkamam, Puducherry",PUDUCHERRY,PUDUCHERRY (UT),Tissue Bank,Cornea,,
1072,SANTOSH MEDICAL COLLEGE AND HOSPITAL,"1, Ambedkar Rd",GHAZIABAD,UTTAR PRADESH,Tissue Bank,Cornea,,
1073,ZEN HOSPITAL,"Plot no .423 A / B , 10th Road,",MUMBAI SUBURBAN,MAHARASHTRA,Transplant Centre,Kidney,,
1074,KRISHNA SHALBY HOSPITAL,"319-Green City, Ghuma, Via Bopal",AHMADABAD,GUJARAT,Transplant Centre,"Bone, Liver, Kidney",,
1075,RAJENDRA INSTITUTE OF MEDICAL SCIENCES,Bariyatu,RANCHI,JHARKHAND,Transplant Centre,Kidney,,
1076,RAJARAJESWARI HOSPITAL,"46, Thiruvalluvar Salai",DINDIGUL,TAMIL NADU,Transplant Centre,Kidney,,
1077,ALPINE SUPER SPECIALITY HOSPITAL PVT LTD,"Plot No. 136/A, Gut No. 71, Opp. MIT College, Beed Bypass, Chhatrapati Sambhaji Nagar",AURANGABAD,MAHARASHTRA,Transplant Centre,Kidney,,
1078,ANAND HOSPITAL,"A-1,DAMODAR COLONY",MEERUT,UTTAR PRADESH,Transplant Centre,"Liver, Kidney",,
1079,CENTRE FOR SIGHT KANPUR,"1st &amp; 2nd Floor ,Som Business Square",KANPUR NAGAR,UTTAR PRADESH,Tissue Bank,Cornea,,
1080,VPIMS,"vivekananda Puram, Near I T Crossing",LUCKNOW,UTTAR PRADESH,Tissue Bank,Cornea,,
1081,RAJ HOSPITALS,Main Road,RANCHI,JHARKHAND,Transplant Centre,Kidney,,
1082,DR KAMDAR EYE HOSPITAL,"123, IInd Polo, Karni Marg",JODHPUR,RAJASTHAN,Tissue Bank,Cornea,,
1083,MAA KAUVERY,"No 27, Alexandria Road, Cantonment",TIRUCHIRAPPALLI,TAMIL NADU,Transplant Centre,"Pancreas, Liver, Kidney",,
1084,KIMS HOSPITAL ELECTRONIC CITY,"Survey No.37&amp;38,PES University, EC Campus, Hosur Road, Konappana Agrahara",BANGALORE,KARNATAKA,Transplant Centre,"Heart, Heart Valve, Intestine, Pancreas, Liver, Kidney, Lung",,
1085,ILS HOSPITALS,1 KHUDIRAM BOSE SARANI,North 24 Parganas,WEST BENGAL,Transplant Centre,Kidney,,
1086,PLUS MEDICARE HOSPITAL PVT LTD,DURGANAG DALGATE,SRINAGAR,JAMMU & KASHMIR,Transplant Centre,Kidney,,
1087,MELA MAL SOOD ROTARY EYE HOSPITAL MARANDA,VPO MARANDA TEHSIL PALAMPUR,KANGRA,HIMACHAL PRADESH,Cornea Transplant Centre/Eye Bank,Cornea,,
1088,ROTARY EYE HOSPITAL DHUSSARA,VPO Dhussara Tehsil Amb,UNA,HIMACHAL PRADESH,Cornea Transplant Centre/Eye Bank,Cornea,,
1089,VIVACITY MULTISPECILITY HOSPITAL,"Holding No. 361/23, Jessore Road (South)",North 24 Parganas,WEST BENGAL,Transplant Centre,Kidney,,
1090,J J PLUSHOSPITAL,"OPP. DISTRICT COURT, NEAR BABA PETROL PUMP, JALNA ROAD, CHHATRAPATI SAMBHAJINAGAR",AURANGABAD,MAHARASHTRA,Transplant Centre,Kidney,,
1091,ARAVIND EYE HOSPITAL,Avinashi Road,COIMBATORE,TAMIL NADU,Tissue Bank,Cornea,,
1092,KASHYAP MEMORIAL EYE HOSPITAL PVT LTD,PURULIA ROAD,RANCHI,JHARKHAND,Tissue Bank,Cornea,,
1093,MEDICAL RESEARCH FOUNDATION,"No 41/18, College Road",CHENNAI,TAMIL NADU,Tissue Bank,Cornea,,
1094,MANIPAL HOPSITAL YESHWANTHPUR,"26/4, Brigade Gateway",BANGALORE,KARNATAKA,Transplant Centre,"Heart, Heart Valve, Liver, Kidney, Lung",,
1095,GSVM MEDICAL COLLEGE,Swaroop nagar,KANPUR NAGAR,UTTAR PRADESH,Tissue Bank,Cornea,,
1096,DISTRICT HOSPITAL DHARWAD,KILLA,DHARWAD,KARNATAKA,Retrieval Centre,"Heart, Heart Valve, Cornea, Liver, Kidney, Lung",,
1097,VISIONCARE SUPER SPECIALITY EYE HOSPITAL,"Plot no.7, Jagriti VIhar, Kunj Vihar, Scheme no.6, opp LLRM medical college, Garh road,",MEERUT,UTTAR PRADESH,Tissue Bank,Cornea,,
1098,SOORIYA HOSPITAL,Tirunelveli,TIRUNELVELI,TAMIL NADU,Transplant Centre,"Liver, Kidney",,
1099,KIMS SIKHARA HOSPITALS,"Door No: 15-11-33, MANGALAGIRI ROAD, NEAR BEST PRICE AGATHA VARAPPADU, GUNTUR",GUNTUR,ANDHRA PRADESH,Transplant Centre,"Heart, Liver, Kidney, Lung",,
1100,ALMADEENA INSTITUTE OF MEDICAL SCIENCE,"Changuvetty, kottakkal, Malappuram(district) Kerala - 676503",MALAPPURAM,KERALA,Transplant Centre,Kidney,,
1101,INNOCENT HEARTS SUPERSPECIALITY HOSPITAL,NEAR WADALA CHOWK NAKODAR ROAD,JALANDHAR,PUNJAB,Transplant Centre,Kidney,,
1102,NARAYANA SUPERSPECIALITY HOSPITAL,120/1,HOWRAH,WEST BENGAL,Transplant Centre,"Heart, Kidney",,
1103,PROVA EYE BANK,88 (63A),North 24 Parganas,WEST BENGAL,Tissue Bank,Cornea,,
1104,DVITA HEALTHCARE PRIVATE LIMITED,"CA/2, Ambedkar Sarani",PURBA BARDDHAMAN,WEST BENGAL,Tissue Bank,Cornea,,
1105,RABINDRANATH TAGORE INT INST OF CARDIAC SCIENCES,"Premises No-1489, 124 Mukundapur, Kolkata",KOLKATA,WEST BENGAL,Transplant Centre,"Heart, Liver, Kidney",,
1106,SRI LAKSHMI NARAYANA INSTITUTE OF MEDICAL SCIENCES,"Osudu,agaram village,",PUDUCHERRY,PUDUCHERRY (UT),Transplant Centre,Kidney,,
1107,ATLANTIS HEALTHCITY PVT LTD,T NAGAR,CHENNAI,TAMIL NADU,Transplant Centre,Kidney,,
1108,APOLLO MULTISPECIALITY HOSPITAL LIMITED,"58,Canal Circular Road,",KOLKATA,WEST BENGAL,Transplant Centre,"Heart, Liver, Kidney, Lung",,
1109,HEGDE EYE FOUNDATION,SEEMA COMPLEX,UTTARA KANNADA,KARNATAKA,Tissue Bank,Cornea,,
1110,VIVEKANANDA NETRALAYA,168/169,DEHRADUN,UTTARAKHAND,Tissue Bank,Cornea,,
1111,FORTIS HOSPITAL MANESAR,"Plot P2, sector 5, IMT , Manesar,",GURGAON,HARYANA,Transplant Centre,Kidney,,
1112,ANAND HOSPITAL AND EYE CENTRE,406 SURESH MARG NEAR BAGADIA BHAWAN C-SCHEME REG. OFF.-21 BHARAT MATA LANE JLB MARG C-SCHEME JAIPUR,JAIPUR,RAJASTHAN,Tissue Bank,Cornea,,
1113,AADICURA SUPERSPECIALITY HOSPITAL,"5,6,7 Windward Business Park",VADODARA,GUJARAT,Transplant Centre,Kidney,,
1114,JAMSHEDPUR EYE HOSPITAL,SAKCHI,PURBI SINGHBHUM,JHARKHAND,Tissue Bank,Cornea,,
1115,LAXMI EYE HOSPITAL AND INSTITUTE,HAMID MULLA ROAD,RAIGARH,MAHARASHTRA,Tissue Bank,Cornea,,
1116,PRAGATI NEURO AND SPINE HOSPITAL,"near anand motors , opp reliance petrol pump , highway , deesa",BANAS KANTHA,GUJARAT,Retrieval Centre,"Heart, Bone, Heart Valve, Intestine, Pancreas, Skin, Cartilage, Cornea, Liver, Blood Vessels, Kidney, Hand, Lung",,
1117,INSTITUTE OF LIVER AND DIGESTIVE SCIENCES,Kwakeithel Heinoukhongnembi,IMPHAL WEST,MANIPUR,Transplant Centre,Liver,,
1118,FORTIS HOSPITAL AND KIDNEY INSTITUTE,111A,KOLKATA,WEST BENGAL,Transplant Centre,Kidney,,
1119,SUSRUT EYE FOUNDATION AND RESEARCH CENTRE,"HB-36/A/1, Sec.-III, Salt Lake City",North 24 Parganas,WEST BENGAL,Tissue Bank,Cornea,,https://www.susrut.org
1120,DISHA EYE HOSPITALS PVT LTD,"Village - Duilla, Post- Duilla, Police station - Sankrail, Dist- Howrah",HOWRAH,WEST BENGAL,Tissue Bank,Cornea,,
1121,DURGAPUR BLIND RELIEF SOCIETY,"FREE EYE CLINIC, CHITRABHANU CINEMA HALL ROAD, DURGAPUR-713201",PURBA BARDDHAMAN,WEST BENGAL,Tissue Bank,Cornea,,
1122,FORTIS HOSPITAL ANANDAPUR,"730, ANANDAPUR",KOLKATA,WEST BENGAL,Transplant Centre,"Heart, Kidney, Lung",,
1123,GMC SSH NAGPUR,Tukdoji  Sq.,NAGPUR,MAHARASHTRA,Transplant Centre,"Heart, Pancreas, Liver, Kidney",,
1124,MANIPAL HOSPITALS EM BYPASS,"127, Mukundapur, Eastern Metropolitan Bypass,",KOLKATA,WEST BENGAL,Transplant Centre,"Heart, Kidney, Lung",,
1125,FIRST NEURO HOSPITAL,"Kannuru village, Padil Post, Mangalore",DAKSHINA KANNADA,KARNATAKA,Retrieval Centre,"Heart, Bone, Heart Valve, Intestine, Pancreas, Skin, Cartilage, Cornea, Liver, Blood Vessels, Kidney, Hand, Lung",,
1126,SUPER SPECIALITY HOSPITAL GRMC GWALIOR,JAH CAMPUS GWALIOR,GWALIOR,MADHYA PRADESH,Transplant Centre,Kidney,,
1127,SATALKAR LOTUS SUPER SPECIALITY HOSPITAL,"oop. PNG Showroom,Behind Gogadev Temple, Zp Quarter Road, Sarjepura, Ahilyanagar.",AHMADNAGAR,MAHARASHTRA,Transplant Centre,Kidney,,
1128,JAIPRAKASH HOSPITAL AND RESEARCH CENTRE PVT LTD,"DANDIAPALLI, DAYANANDNAGAR,P.S- BRAHAMANITARANG,",SUNDARGARH,ORISSA,Tissue Bank,Cornea,,
1129,THE EYE BANK ASSOCIATION KERALA,"Ophthalmology Department, Little Flower Hospital, Angamaly",ERNAKULAM,KERALA,Tissue Bank,Cornea,,
1130,PORUNAI HOSPITALS AND RESEARCH CENTRE,"No-6, Thiruvananthapuram, Salai, East Part,",TIRUNELVELI,TAMIL NADU,Transplant Centre,"Liver, Kidney",,https://www.porunaihospitals.com
1131,GOV TD MEDICAL COLLEGE ALAPPUZHA,GOV TD MEDICAL COLLEGE,ALAPPUZHA,KERALA,Transplant Centre,Kidney,,
1132,MEDICA SUPERSPRCIALTY HOSPITAL,"127 Mukundapur, EM Bypass",KOLKATA,WEST BENGAL,Transplant Centre,Heart,,
1133,PEERLESS HOSPITEX HOSPITAL AND RESEARCH CENTER LIM,"360,PANCHASAYAR",KOLKATA,WEST BENGAL,Transplant Centre,Kidney,,
1134,THE CALCUTTA MEDICAL RESEARCH INSTITUTE,"7/2 Diamond Harbour Road,",KOLKATA,WEST BENGAL,Transplant Centre,Kidney,,
1135,FORTIS ESCORTS HEART INSTITUTE,Okhla Road,NEW DELHI,DELHI (UT),Transplant Centre,"Heart, Liver, Kidney",,
1136,"Manipal Hospitals, Dhakuria","P 4 &amp; 5, C I T Scheme",KOLKATA,WEST BENGAL,Transplant Centre,Kidney,,
1137,KOLKATA KIDNEY INSTITUTE,"823, Kalikapur Road",KOLKATA,WEST BENGAL,Transplant Centre,Kidney,,https://kolkatakidneyinstitute.com
1138,NEOTIA GETWELL HEALTHCARE CENTRE,"Uttorayon, Matigara,Siliguri,District-Darjeeling, West Bengal-734010",DARJILING,WEST BENGAL,Transplant Centre,Kidney,,
1139,INSTITUTE OF NEUROSCIENCES,185/1 AJC Bose Road,KOLKATA,WEST BENGAL,Retrieval Centre,"Skin, Kidney, Lung",,
1140,IPGMER AND SSKM HOSPITAL KOLKATA,Bhowanipore,KOLKATA,WEST BENGAL,Transplant Centre,"Heart, Bone, Skin, Cornea, Liver, Kidney, Lung",,
1141,BM BIRLA HEART RESEARCH CENTRE,1/1 National Library Avenue,KOLKATA,WEST BENGAL,Transplant Centre,Heart,,
1142,RUBY GENERAL HOSPITAL,"576, ANANDAPUR, KASBA, GOLPARK",KOLKATA,WEST BENGAL,Transplant Centre,Kidney,,
1143,WOODLANDS MULTISPECIALITY HOSPITAL,8/5 ALIPORE ROAD,SOUTH TWENTY FOUR PARGANAS,WEST BENGAL,Transplant Centre,Kidney,,
1144,AMRI MUKUNDAPUR,"223 &amp; 230 Barakhola lane, Jadavpur",SOUTH TWENTY FOUR PARGANAS,WEST BENGAL,Transplant Centre,Kidney,,
1145,SANKARA NETHRALAYA,147/1 MUKUNDAPUR,KOLKATA,WEST BENGAL,Tissue Bank,Cornea,,
1146,SECOND SIGHT SOUTHEND EYE CENTRE PVT LTD,"Dhopagachi, Baruipur",SOUTH TWENTY FOUR PARGANAS,WEST BENGAL,Tissue Bank,Cornea,,
1147,ALOLIKA HOSPITEX RESEARCH CENTRE PRIVATE LIMITED,Lokepur,BANKURA,WEST BENGAL,Tissue Bank,Cornea,,
1148,JAIPUR GOLDEN HOSPITAL,"2, Institutional Area, Sector-3",NEW DELHI,DELHI (UT),Transplant Centre,Kidney,,
1149,SRI BALAJI ACTION MEDICAL INSTITUTE,"A-4, Paschim Vihar",WEST,DELHI (UT),Transplant Centre,Kidney,,
1150,INDIAN SPINAL INJURIES CENTRE,Sector-C,SOUTH WEST,DELHI (UT),Retrieval Centre,"Heart, Bone, Heart Valve, Intestine, Pancreas, Skin, Cartilage, Cornea, Liver, Blood Vessels, Kidney, Lung",,
1151,MIDNAPORE MEDICAL COLLEGE AND HOSPITAL,P.O.- Midnapore,PASCHIM MEDINIPUR,WEST BENGAL,Tissue Bank,Cornea,,
1152,CALCUTTA NATIONAL MEDICAL COLLEGE AND HOSPITAL,"32 Gorachand Road,",KOLKATA,WEST BENGAL,Tissue Bank,Cornea,,
1153,DESUN HOSPITAL AND HEART RESEARCH INSTITUTE,"Desun More, 720, Eastern Metropolitan Bypass, Golpark, Sector I, Kasba, Kolkata, West Bengal 700107",KOLKATA,WEST BENGAL,Transplant Centre,Kidney,,https://desunhospital.com/
1154,VENKATESHWAR,Sector 18,SOUTH WEST,DELHI (UT),Transplant Centre,"Liver, Kidney",,
1155,PRIYAMVADA BIRLA ARAVIND EYE HOSPITAL,"10, DR.U.N. BRAHMACHARI STREET",KOLKATA,WEST BENGAL,Tissue Bank,Cornea,,
1156,FORTIS FLT LT RAJAN DHALL HOSPITAL,"Sector B-1, vasant kunj, New Delhi",SOUTH WEST,DELHI (UT),Transplant Centre,Kidney,,
1157,PUSHPAWATI SINGHANIA RESEARCH INSTITUTE PSRI,Press Enclave Marg,SOUTH,DELHI (UT),Transplant Centre,"Heart, Liver, Kidney, Lung",,
1158,BATRA HOSPITAL MEDICAL RESEARCH CENTRE,"1, Tughlakabad Institutional Area",SOUTH,DELHI (UT),Transplant Centre,"Cornea, Kidney",,
1159,ARMY HOSPITAL RESEARCH AND REFERRAL,Delhi Cantt,SOUTH,DELHI (UT),Transplant Centre,"Cornea, Liver, Kidney",,
1160,SHREYA EYE CENTRE,D-163 surajmal vihar,EAST,DELHI (UT),Transplant Centre,Cornea,,
1161,MAHAJAN EYE CENTRE,"21A, AD Block, Pitampura",NORTH WEST,DELHI (UT),Transplant Centre,Cornea,,
1162,CHAUDHARY EYE CENTRE LASER VISION,4802/24 DARYA GANJ,CENTRAL,DELHI (UT),Transplant Centre,Cornea,,
1163,SHROFF EYE CENTRE,A-9,SOUTH,DELHI (UT),Tissue Bank,Cornea,,
1164,MM EYETECH INSTITUTE,"30, Lala Lajpat Rai Marg",SOUTH,DELHI (UT),Tissue Bank,Cornea,,
1165,MAX SUPER SPECIALITY HOSPITAL SHALIMAR BAGH,"FC - 50, C &amp; D Block, Shalimar Bagh, New Delhi - 110088",NORTH WEST,DELHI (UT),Transplant Centre,Kidney,,
1166,MAX HOSPITAL SAKET,1 press enclave road,SOUTH,DELHI (UT),Transplant Centre,"Heart, Intestine, Pancreas, Liver, Kidney, Lung",,
1167,RAJIV GANDHI CANCER INSTITUTE RESEARCH CENTRE,Sector 5 Rohini,NEW DELHI,DELHI (UT),Transplant Centre,Liver,,
1168,VENU EYE INSTITUTE AND RESEARCH CENTRE,"1/31,",SOUTH WEST,DELHI (UT),Tissue Bank,Cornea,,
1169,JAIN EYE HOSPITAL AND LASER CENTRE,"AG-152, Shalimar Bagh",NEW DELHI,DELHI (UT),Transplant Centre,Cornea,,
1170,YASHODA HOSPITAL SECUNDERABAD,S P ROAD,HYDERABAD,TELANGANA,Transplant Centre,"Heart, Pancreas, Liver, Kidney, Lung",,
1171,STAR HOSPITAL,survey No74,RANGAREDDY,TELANGANA,Transplant Centre,"Heart, Liver, Kidney",,
1172,INDRAPRASTHA APOLLO HOSPITALS,Sarita Vihar,SOUTH,DELHI (UT),Transplant Centre,"Heart, Bone, Intestine, Pancreas, Cornea, Liver, Kidney, Lung",,
1173,APOLLO HOSPITALS ENTERPRISE LTD,"Plot No 13, Parsik Hill Road",THANE,MAHARASHTRA,Transplant Centre,"Heart, Cornea, Liver, Kidney, Lung",,
1174,AAKASH HEALTHCARE PVT LLD,Hospital Plot,SOUTH WEST,DELHI (UT),Transplant Centre,"Cornea, Liver, Kidney",,
1175,APOLLO HOSPITALS ENTERPRISE LTD,Health City,VISAKHAPATNAM,ANDHRA PRADESH,Transplant Centre,"Heart, Pancreas, Liver, Liver, Kidney, Lung",,
1176,SUNDER LAL JAIN CHARITABLE HOSPITAL,ASHOK VIHAR PHASE 3,NORTH WEST,DELHI (UT),Retrieval Centre,Cornea,,
1177,CARE HOSPITAL BANJARA HILLS,Banjara Hills Road 1,HYDERABAD,TELANGANA,Transplant Centre,"Heart, Kidney",,
1178,KRISHNA INSTITUTE OF MEDICAL SCIENCES,1-8-31/1,HYDERABAD,TELANGANA,Transplant Centre,"Heart, Pancreas, Liver, Kidney, Lung",,
1179,KIMS HOSPITAL ENTERPRISES PVT LTD,"1-112/86, Survey No 55/EE,",RANGAREDDY,TELANGANA,Transplant Centre,Kidney,,
1180,EPITOME KIDNEY UROLOGY INSTITUTE AND LIONSHOSPITAL,"A-321, NewFriends Colony, Khizarabad, New Delhi -110025",NEW DELHI,DELHI (UT),Transplant Centre,Kidney,,
1181,GLENEAGLES HOSPITAL LAKDIKAPUL HYDERABAD,Lakdikapul,RANGAREDDY,TELANGANA,Transplant Centre,"Heart, Pancreas, Liver, Kidney, Lung",,
1182,INSTITUTE OF LIVER AND BILIARY SCIENCE,D-1 VASANT KUNJ,SOUTH,DELHI (UT),Transplant Centre,"Liver, Kidney",,
1183,MAX SUPER SPECIALITY HOSPITAL,"108 A, Indraprastha Extension",EAST,DELHI (UT),Transplant Centre,"Liver, Kidney",,
1184,PRIMUS SUPER SPECIALITY HOSPITAL,2 Chandragupta Marg,NEW DELHI,DELHI (UT),Transplant Centre,Kidney,,
1185,GB PANT HOSPITAL,"1, Jawahar Lal Nehru Marg",CENTRAL,DELHI (UT),Transplant Centre,"Heart, Liver",,
1186,FORTIS MEMORIAL RESEARCH INSTITUTE,"Sector 44, Gurgaon",GURGAON,HARYANA,Transplant Centre,"Heart, Cornea, Liver, Kidney",,
1187,SAVERA HOSPITAL,Amritsar road,MOGA,PUNJAB,Tissue Bank,Cornea,,
1188,NEW DELHI CENTRE FOR SIGHT LTD,"at Ashoka Plaza,1st &amp; 2nd Floor, Jawahar Nagar, Near OMAXE Mall,",AGRA,UTTAR PRADESH,Tissue Bank,Cornea,,
1189,GMCH CHANDIGARH,Sector 32,CHANDIGARH,CHANDIGARH (UT),Retrieval Centre,"Heart, Bone, Heart Valve, Intestine, Pancreas, Skin, Cartilage, Cornea, Liver, Blood Vessels, Kidney, Lung",,
1190,SAFDARJANG HOSPITAL,Dept of Urology & Renal Transplant,SOUTH,DELHI (UT),Transplant Centre,"Heart, Cornea, Kidney",,